No,状態,受付日時,対応メモ,ニックネーム,「リサイクルに関する質問」をご記入ください
944,未読,2026/5/30 8:22,,テレサ,アルミホイルって何ゴミ？
943,未読,2026/5/30 8:14,,K氏,資源用の紙を回収する際、ホチキスの針は付いていても良いと聞いた事がありますが、分離の過程はどの様に行うのですか？
942,未読,2026/5/30 8:12,,nZn,缶ビールなどのプルタブ回収はしていないのですか？
941,未読,2026/5/30 8:10,,ペンギン,病院からの飲み薬の包装パッケージは燃やすゴミ？燃やせないゴミ？教えて下さい
940,未読,2026/5/30 7:52,,リリ,ヨーグルトパックで紙と記載されてますが、雑紙ですか？
939,未読,2026/5/30 7:35,,ゆり,ナフサ不足で色々影響が出てますが、ペットボトル、トレーなどのリサイクルで代用できる部分はありますか？
938,未読,2026/5/30 7:21,,チョキ,燃えないゴミから埋めるゴミに名称変更されたのはなぜですか？
937,未読,2026/5/30 7:17,,もも,調味料ペットボトルの回りに別のプラスチックが着いてますがいつも外してますが外さなくてもよいのでしょうか
936,未読,2026/5/30 6:46,,ピーコ,リサイクルステーションに集められた物は何処へ行くのでしょうか？
935,未読,2026/5/30 6:44,,さくら,リサイクルする前に衛生面においてどんな処理がされるのでしょうか?
934,未読,2026/5/30 6:43,,ぽぽ,ゴマ油の瓶は、濯いで缶.ビンの日に出しても良い？
933,未読,2026/5/30 6:30,,でっかいピーちゃん,文庫本をリサイクルボックスに入れて良いですか？
932,未読,2026/5/30 6:29,,坂田銀時,飲み物以外のペットボトルでも大丈夫ですか？
931,未読,2026/5/30 6:27,,ひまわり,サラダ油のペットボトル洗えないのでいつも燃えるゴミに出してます　資源ゴミにだせる？　
930,未読,2026/5/30 6:10,,たけやん,雑紙の回収で先に重さを測って登録してからステーションに入れるタイプとステーションに入れて重さを測り登録するタイプがあるのはどうしてですか？
929,未読,2026/5/30 4:57,,しょっしょ,"化粧品やお菓子の箱などを雑紙で出すのですが、印刷で一部でも金色が使われているとリサイクルできないと聞いたような気がします。
色によって出せない物があるのでしょうか。"
928,未読,2026/5/30 4:50,,るな,"トイレっとペーパ、サランラップの芯はリサイクルではなく、焼却後みときいたのですが
何故ですか"
927,未読,2026/5/30 3:34,,みは,雑誌やカタログのホチキスは、外さないでそのまま捨てていいのでしょうか。
926,未読,2026/5/30 3:24,,まあちゃん,紙ゴミと段ボールをリサイクル場所に別々に分けないで入れてるのを見かけるけれど、大丈夫なのですか？
925,未読,2026/5/30 0:51,,55あおば,お菓子(鳩サブレ)缶の中の仕切りで、紙を圧縮成型したものは、畳むのも難しいのですがリサイクルに出しても良いでしょうか？
924,未読,2026/5/30 0:49,,ちか♪,雑紙と段ボールは一緒に縛っても大丈夫ですか？
923,未読,2026/5/29 23:53,,ミーコ,店舗が近づくと『来たよ』が押せるようになるってありますが、何も変わりません。タップすると、どういうことができるのでしょうか?
922,未読,2026/5/29 23:21,,kazuyo,ルーレットのハズレはポイント付かないんですか？
921,未読,2026/5/29 23:00,,えみこ,ヨウグルトのラベルが紙なんですがはがして雑紙としてリサイクルできますか
920,未読,2026/5/29 22:24,,丸,"テイッシュ箱は雑紙になるのか？
又取り出し口に付いているビニーは取り外すのかとゆう質問になります"
919,未読,2026/5/29 22:23,,みち,内側が銀色の紙パックは、牛乳パックと同じように回収→リサイクルできないんでしょうか？
918,未読,2026/5/29 21:56,,さっと,金具でしっかり固定してあるダンボールがありますが、金具は必ずはずしてからリサイクルすべきですか。
917,未読,2026/5/29 21:45,,かこ,"食品トレーは店頭のBOXに入れたほうがリサイクル率が高いの？
家庭で出すプラスチックとの違いを知りたいです"
916,未読,2026/5/29 21:40,,ちろママ,"プラスチック製の歯みがき粉のチューブなどは、使い切ったようでも中身が残っていて…。中身を残さず使いたくてチューブをハサミで半分に切り、使い尽くしたら次は水洗い、それから年代物の小物干しに吊して乾かし（楽しくやってます）…
中身が残っていなければ、資源ごみになるのですよね？"
915,未読,2026/5/29 21:25,,ti1suke.ne,チラシ等はリサイクルで何に変わりますか？
914,未読,2026/5/29 21:22,,うさんこ,古紙をリサイクルするのにどれぐらいコストがかかるんですか？
913,未読,2026/5/29 21:08,,なまり,玄米の入ってる茶色の米袋の分類はダンボール類？
912,未読,2026/5/29 20:59,,グランマ,毎日全国でどのくらいのリサイクル量ありますか
911,未読,2026/5/29 20:25,,パンジー,卵のパックに入っている小さな紙は雑紙に入れていいのか、燃やすゴミに入れるのか?どちらでしょうか？
910,未読,2026/5/29 20:00,,ブラウン,ペットボトル回収機の中は、どのようにして潰してるのか仕組みが気になります
909,未読,2026/5/29 19:56,,ワタシゲ,"雑誌・本と新聞を分別するのは
材質が違うからですか。又は、
再処理過程が違うからですか。"
908,未読,2026/5/29 19:35,,真夜中遊び,とんでもないくらい古く日焼けした段ボールや新聞など、乾燥していればリサイクル行けるはずだから、だしてるけど問題ないですよね？
907,未読,2026/5/29 18:51,,ひらっち,アルミ缶やスチール缶のリサイクル機の予定はありますか。
906,未読,2026/5/29 18:50,,チャム,雑紙はリサイクルしてなにになるの？
905,未読,2026/5/29 18:45,,えぞ,"ダンボールの正しいまとめ方は？
"
904,未読,2026/5/29 18:39,,ようこちゃん,"リサイクルされるのは全体の何%なのですか？
"
903,未読,2026/5/29 18:28,,やす,"最近、プラスティックのリサイクルの受付が中止になっているところがありますが、どんな理由ででしょうか？
社会情勢の影響でしょうか？いつになったら再開されるのでしょう？"
902,未読,2026/5/29 18:26,,ふくフル,トイレットペーパー芯は、小さい紙袋に畳んでまとめて出すけれども、ラップの芯はどうやってまとめればいいですか？
901,未読,2026/5/29 18:25,,ゆばぁば,洗わずに（明かに汚れてる）出してるペットボトルも一緒にリサイクルされるのですか？
900,未読,2026/5/29 18:20,,のん,表面がツルツルした紙でも､紙リサイクルの表記があれば古紙にリサイクルできますか？（例えばチャーハンの素の袋など）
899,未読,2026/5/29 18:09,,タコス,値引きシールや値札のシールもリサイクル出来るの？
898,未読,2026/5/29 18:05,,ヒラコ,封筒についてるセロハンテープはきれいに剥がさないといけませんか
897,未読,2026/5/29 17:32,,みちよ,紙パック入のお酒のキャプはペットボトルのキャプと同じ扱いになりますか？
896,未読,2026/5/29 17:12,,かーたん,雑紙はいろんな質の紙が集まるので、リサイクルにはコストがかかり過ぎる心配はないのですか？
895,未読,2026/5/29 17:03,,レインボー,ペットボトルのキャップは、何にリサイクルされますか。
894,未読,2026/5/29 16:57,,のっちゃ,お菓子の箱の接着された糊部分は、剥がした方がいいのか？
893,未読,2026/5/29 16:54,,ミッフィー,古紙回収ステーションでのリサイクルポイント交換は　その場でなくスマホ操作や店舗内レジ画面でできるようにはなりませんか？
892,未読,2026/5/29 16:47,,ねこまんま,埋めるゴミって何処に埋めるんですか?
891,未読,2026/5/29 16:40,,ララ,ペットボトルの口の所に残る、キャップの輪っかも本来は分別した方が良いのですか？ボトルは全て透明なものを回収するのに、キャップは色とりどりなので気になっています。
890,未読,2026/5/29 16:35,,ララ,"匂い付きの折り紙は雑紙になりますか？
"
889,未読,2026/5/29 16:32,,チャリッチ,"カップ焼きそばの容器は、食品トレイと同じ扱いですか？
リサイクルできるのですか？"
888,未読,2026/5/29 16:32,,ケイコ,段ボールはリサイクルして何の製品に加工されますか
887,未読,2026/5/29 16:00,,杜のゆたか,段ボールに付着しているホットメルトは、リサイクルに影響ありますか？
886,未読,2026/5/29 15:51,,杜の伸子,段ボールを束ねる時、クラフトテープで束ねても良いですか？
885,未読,2026/5/29 15:51,,マリリン,スマホを処分するには、どうすれば良いか?教えてください。
884,未読,2026/5/29 15:37,,トムちょ,写真は資源になるんでしょうか？
883,未読,2026/5/29 15:36,,チャイ70,"ダンボールにリサイクルマークが付いている物で、厚さが異なる物があります。
私はダンボールマークが付いていても、薄く小さい物は、雑紙と一緒にくくり出していますが、ダンボールマークが付いている物は大きさや厚さに関わらず、まとめて出すのが良いのでしょうか？"
882,未読,2026/5/29 15:21,,ひなばぁば,"雑がみとして出せる一番小さい寸法は
？縦✕横何センチ？"
881,未読,2026/5/29 15:14,,ミュウ,お店のレシートは、リサイクルできますか？
880,未読,2026/5/29 14:51,,バンダナキリン,海洋プラスチックを集めてリサイクルできますか？
879,未読,2026/5/29 14:39,,まあちゃん,"段ボールと紙の境に迷う事があります。
ハッキリ段ボールと分かるものと、台紙の様に薄くて真ん中には段ボール特有の波形の紙が入ってます。
よく、贈り物の箱やチョコレートなどの箱に使われてます。
こんな時には、どちらに入れたら良いのでしょうか。"
878,未読,2026/5/29 14:33,,nonokochan,単行本のマンガもリサイクル♻️？出来るの？
877,未読,2026/5/29 14:29,,ほん,分別したゴミや資源て結局一緒になって燃やされたり、埋められたりするって言うけど意味あるのかな？
876,未読,2026/5/29 14:19,,マイク,段ボール等、ポイント加算される時期は？また、確認方法は？
875,未読,2026/5/29 14:10,,☆シエポン☆,雑紙や、トイレットペーパーの芯もポイントにならないの？
874,未読,2026/5/29 14:08,,☆シエポン☆,缶詰缶や、アルミ缶もあるといいですね。
873,未読,2026/5/29 13:55,,さくら,習字などで汚れた新聞紙も出す事が出来ますか？
872,未読,2026/5/29 13:55,,ちょす,年間にリサイクル品はどれくらい集まり、どのような再生品にかわり、何処でどのように使われているのか？
871,未読,2026/5/29 13:48,,ナマケモノ,一番最初にリサイクルされた物ってなんですか？また、一番最近でリサイクルが可能になったものは何ですか?
870,未読,2026/5/29 13:43,,Mama,地域によると思うのですが、私の住んでいる所ではプラスチックは燃えるゴミです。個包装の食品がのっていたトレーなどきれいなプラスチックをごみにしてしまうのはいたたまれないです。探しましたが近くでリサイクル回収しているところもありません。ペットボトルや食品トレー(発泡)のようにリサイクルが進まないのはなぜなのでしょうか？
869,未読,2026/5/29 13:38,,Mama,いちごのパックにプラマークにPETと書かれていました。ペットボトルとおなじ素材ではないのでしょうか？ペットボトルみたいに簡単にリサイクルに出せたらいいのに
868,未読,2026/5/29 13:34,,Mama,プラマークって、それしか書いてないものや、一緒に“PS”とか“PET”とかいろいろありすぎて、なぜこんなにわかりにくいのでしょうか？
867,未読,2026/5/29 13:27,,しずか,雑がみや牛乳パックたくさん色が入っていたり、ツルツルの部分は紙では無いと思うがこれもリサイクルできるのか
866,未読,2026/5/29 13:24,,Mama,"箱などの厚紙で、薄いビニールのようなものでコーティングされているものをたまにみかけます(マスクの箱が多い気がします)。
破ると簡単に破れるので、気がつきにくいのですが、あれは雑がみとしてリサイクルに出せるのでしょうか。
わからないのでいつも燃えるゴミに出しているのですが、知りたいです!"
865,未読,2026/5/29 13:10,,ピィープル,雜紙はリサイクルしたら何になる？
864,未読,2026/5/29 12:47,,まみまみ,"新聞の広告紙はリサイクル♻️
されますか？
されたら何になる？"
863,未読,2026/5/29 12:40,,とし,ペットボトルのリサイクルでは、リサイクルの機械に投入する本数によって1ポイント未満の端数がでますが、端数を確認する方法はありますか?
862,未読,2026/5/29 12:31,,まこ,紙ゴミすてるとき、ビニール紐で縛ったり、洋服屋さんの紙袋に入れたりするけど（紐ついたり、飾りついたり）いいのかなぁ
861,未読,2026/5/29 12:30,,mk,段ボールのガムテープや透明テープ、宛名などのシールは剥がした方がいいのかどうか。なるべく剥がした方がリサイクルしやすいのか。
860,未読,2026/5/29 12:21,,はは,ペットボトルは、何に変わりますか？
859,未読,2026/5/29 12:02,,ぴろ氏,シュレッダーにかけた古紙が収集されないのは何故？
858,未読,2026/5/29 11:53,,けろりん,住んでる場所で、ゴミの分別に違いがあるのはなぜ？
857,未読,2026/5/29 11:50,,あっちー母,各ステーションから回収されたものは最終的にどこに運ばれてリサイクルされるのですか？特にペットボトルについて知りたいです。
856,未読,2026/5/29 11:48,,坂田銀時,ペットボトルは、飲み物以外でも大丈夫ですか？
855,未読,2026/5/29 11:38,,kenkei2,新聞紙と広告チラシを一緒に束ねて出してもよいでしょうか。
854,未読,2026/5/29 10:56,,kiko,集めた資源をリサイクルするのに水や電気をかなり使うのでは❓
853,未読,2026/5/29 10:53,,ぽんちゃん,ラップやトイレットペーパーの芯は雑紙としてリサイクルできますか？
852,未読,2026/5/29 10:22,,ぽん,郵便で個人情報を隠す剥離紙の本体とシートはどのように分別したら良いですか？
851,未読,2026/5/29 10:17,,まぁやん,キャップも回収して欲しいです
850,未読,2026/5/29 9:15,,ウエルチ,ダンボール、新聞紙等束ねる紐はビニールひもでもいいの？
849,未読,2026/5/29 9:11,,ねもまま,リサイクルに、食器は、ないのてすか。あったらいいのになー。
848,未読,2026/5/29 9:10,,亀ばあば,雑紙を出す時紙袋に入れますが、持ち手が紙以外なら、取った方が良いのか
847,未読,2026/5/29 8:38,,あやゆきママ,透明プラのリサイクルボックスがあるけど、お惣菜の入ってるパックで、底部分は模様があり、繋がっていてフタ部分は透明な一体化のパックは、透明プラに捨てていいの？切り取って別々に捨てなきゃだめなの？
846,未読,2026/5/29 8:37,,みーちゃん,新聞をまとめるためにビニールのひもを使っても大丈夫なの？
845,未読,2026/5/29 8:26,,ひろちゃんママ,"我が家は毎日、夫婦でビールを夕飯に飲みます。
ごみステーションには、なぜアルミ缶収集をしてくれないのでしょうか？
是非、アルミ缶もリサイクルステーション場所集めてください。"
844,未読,2026/5/29 8:21,,ひろちゃんママ,"ゴミリサイクル場所は知ってる限り（福島県郡山市です。）あるスーパーの場所だけです。もっと、もっと、他のスーパーも？ゴミリサイクルステーションに協力してくれたら？福島県のゴミ（資源ごみ等）もワーストから？少しでも抜け出せるのでは？と思うのですが、協力をお願いできることはできないのでしょうか？リサイクルで、ゴミ収集の方も資源ごみ減らせるのではないでしょうか？

"
843,未読,2026/5/29 8:17,,みみみ,"プラスチックの袋に、紙のシールが貼られていた場合は
そのままプラゴミに捨てていいのでしょうか？"
842,未読,2026/5/29 7:56,,ヒロー,「仙台市」ですが、今の「家庭ゴミ」表記、昔は「燃えるゴミ」表記だったような？だとすれば、何が変わったの？
841,未読,2026/5/29 7:29,,にゃお,何故内側が銀色のパックはリサイクルしてはいけないの？
840,未読,2026/5/29 7:19,,chi-,回収されたペットボトルが裁断された後に異物が入ってたら　どうやってはじき出しますか？それとも少しなら問題がないですか？
839,未読,2026/5/29 6:34,,とらこ,プラスチックのトレーのリサイクルはどうすればいいですか
838,未読,2026/5/29 5:58,,みー,ペットボトル回収ですが、もっと楽に出来ればやりたいのですが（一本づつ入れて、店員さんが袋交換に来ているので）段ボール等はリサイクルしてます。
837,未読,2026/5/29 5:52,,ベビーチーズ,ダンボールについているガムテープ、透明テープはついたままでも大丈夫ですか？
836,未読,2026/5/29 5:43,,わかく,シュレッダーした紙はリサイクルに出せますか？
835,未読,2026/5/29 5:39,,ひーたん,アルバムはどうやって捨てたら良いかわからないです
834,未読,2026/5/29 5:24,,ドリーム,どのくらい汚れていたらリサイクルできない紙になるの？
833,未読,2026/5/29 5:19,,くまん,新聞紙を有効活用するために、掃除などで生かせる方法がありますか？
832,未読,2026/5/29 5:11,,まめ次郎,段ボールを確実にまとめられ、楽にほどく事が出来る様な[紐]の縛り方。
831,未読,2026/5/29 5:09,,やまちゃん,マヨネーズのプラスチック容器に残ったマヨネーズは、洗剤で洗う必要があるのか。肉の入っていたトレイも水洗いで落ちない場合、洗剤で洗う必要があるのか。
830,未読,2026/5/28 23:54,,めろんぱーん,ゴミ収集車には何袋入れられるのでしょうか？
829,未読,2026/5/28 23:02,,チョコちゃん,汚れた新聞紙は出しても良いのでしょうか？
828,未読,2026/5/28 22:34,,ノリオ先生,雨に濡れたダンボールや新聞紙もそのままリサイクルボックスに入れても大丈夫ですか？
827,未読,2026/5/28 21:56,,やっすーさん,リサイクルで集まった段ボールはどちらの工場に持って行くのですか。
826,未読,2026/5/28 21:11,,ゆごづば,納豆の容器、軽く洗ってプラごみの日に出せばいいのか、そのままで燃えるごみに出せばいいのか迷います
825,未読,2026/5/28 20:32,,むっち,新聞紙何日分でトイレットペーパー一巻き分になりますか？
824,未読,2026/5/28 18:42,,よっち,"アルミ缶もリサイクルできるのに、なぜ別の業者になるの？
ぐるっとポンでは、回収しないの？"
823,未読,2026/5/28 17:55,,やよべえ,"惣菜パックなど商品名の表示ですが紙マークが付いています
これは雑紙に入れてはいけませんよね？
剥がせる時は剥がして自治体の紙ごみに入れています
石鹸の包装は匂いがあるので雑紙に入れてません
いいでしょうか？"
822,未読,2026/5/28 17:25,,えー,30kgの米の茶色の袋って、リサイクルには出せないの？
821,未読,2026/5/28 17:10,,ガンちゃん,ラップの芯については、リサイクルの対象となるのでしょうか。
820,未読,2026/5/28 16:54,,しんのすけ,シュレッダーした紙はリサイクルに出しても良いのですか？
819,未読,2026/5/28 16:33,,石ちゃん,内側がアルミの紙は雑紙でよい？
818,未読,2026/5/28 16:24,,あずき,小冊子などを綴じているホチキスは外さないとダメですか？
817,未読,2026/5/28 15:26,,まめちゃん,"蓋があるアルミ缶
一般の缶ゴミはそのまま付けてても
良いとの事
ここでは蓋をどーしたら良いのですか"
816,未読,2026/5/28 14:54,,はなはな,"シュレッターで細かくした紙は
リサイクルできるの?"
815,未読,2026/5/28 14:14,,うりお,"新聞の折り込みチラシと、ポスティング・DMのチラシの区別がいまいち分かりません。
紙質がコピー用紙のようなものは雑紙にしてますが、折り込みチラシのようなチラシもDMには入ってきて、新聞の方に入れて良いのか迷います。"
814,未読,2026/5/28 13:39,,ごきげん,捨てたゴミの中を見られることはあるのでしょうか？燃えるゴミはそのまま燃やされるだけでチェックされることはないですか？
813,未読,2026/5/28 13:35,,こもも,"良く値引き品(パック飲料、パン類等)を購入するのですが、値引きシールを剥がした方がいいのでしょうか?
そのままリサイクルに出して問題ありませんか?
"
812,未読,2026/5/28 13:34,,ごきげん,宛名が見えるフィルム付きの封筒はそこの部分だけ切り取ってリサイクルでいいのでしょうか？
811,未読,2026/5/28 12:24,,ソミド,"ラップについているシールはどこまではがしたらいいのでしょうか
"
810,未読,2026/5/28 11:23,,はなはな,"封筒の窓枠にナイロンが付いている
ものは,リサイクルできるのでしょうか?
剥がさないといけない?
"
809,未読,2026/5/28 9:38,,はたけ,"プラの封筒を捨てる時に、のり付けされている部分はどうなのか。
ぐるっとポンとは違いますが、気になる疑問でした。"
808,未読,2026/5/28 9:12,,みゃー,ナフサ不足への対策として食品の袋やラベルを2色刷り、簡易化などが行われ始めています。リサイクルの観点では、多色刷りよりも2色刷りのほうが好ましいのでしょうか。
807,未読,2026/5/28 9:04,,yukorin,ペットボトルのキャップを入れる大きな回収箱を店頭に置いて欲しい。生協とかには置いてあるし。わざわざ行くのが面倒。そもそもペットボトルを回収するならキャップも同じリサイクルじゃないのかな？
806,未読,2026/5/28 8:33,,ねこばぁば,カレンダーの金属部分は外さないとだめ？
805,未読,2026/5/28 8:26,,なな,"色々な場所で手にするテイクフリーの冊子ですが、ホチキスの針ははずさずリサイクルにだすので
特別な方法で取るのか知りたいと思いました。"
804,未読,2026/5/28 8:24,,kiko,"新聞に入っているチラシと雑紙の違いは？
分別しなければいけないのですか"
803,未読,2026/5/28 8:15,,いいと,缶ビールの6缶パックの外装に「紙」マークが付いているのにリサイクルできないと市の資源ごみ回収分別表に書いてあります。なぜ？
802,未読,2026/5/28 8:11,,メイジメイジ,濡れた段ボールを出している人を見かけますが、確かに重さも変わると思いますが、これってありなの？
801,未読,2026/5/28 7:58,,しゅう,アルミ缶とスチール缶は「缶」として、まとめて処分しているが、どのようにしてアルミとスチールを分別しリサイクルしてるのか？
800,未読,2026/5/28 7:37,,はなぼう,チラシように色がついている紙でも、リサイクル出来るの？
799,未読,2026/5/28 7:26,,麺助,商品の梱包材、緩衝材で使われている紙が固まった物材は再リサイクル出来るのでしょうか？
798,未読,2026/5/28 7:18,,やっすーさん,リサイクルしている方がたくさんいますがその中でもリサイクルにならないものもあるとおもいますが年間にどの位ありますか。
797,未読,2026/5/28 7:01,,そらまる,資源ごみに出す包装紙などは、テープやシールを剥がした方が良いのでしょうか?
796,未読,2026/5/28 6:57,,みゃー,ペットボトルの捨て方について。ある自治体ではラベルを剥がして、キャップ、ラベル、ペットボトルを分別して捨てます。また、ある自治体ではそのまま捨ててもOKです。この違いはなぜ生まれるのでしょうか。処分やリサイクル方法が違うからですか。
795,未読,2026/5/28 6:18,,こがじろう,ガッチャ券は朝、何時に配布されますか
794,未読,2026/5/28 6:14,,はな,1ヶ月分の新聞紙をリサイクルすると、どれぐらいのものに変わりますか。ダンボール1箱分？
793,未読,2026/5/28 6:08,,はなはな,"ラップにラベルを付けたまま
リサイクルへ出しても大丈夫?"
792,未読,2026/5/28 6:07,,えー,子供が学校に持ってく為に、ペットボトルに油性ペンで名前を書きました。そのペットボトルはリサイクルには出せないの？
791,未読,2026/5/28 6:05,,えー,子供が段ボールにお絵かきして遊んだ後、その段ボールはリサイクルには出してはいけないの？
790,未読,2026/5/28 5:40,,ありえり,回収されたごみは何処に運ばれますか？
789,未読,2026/5/28 3:18,,えみえみ,リサイクル率を高める方法は？再利用しやすい資源は？
788,未読,2026/5/28 0:54,,エコ,"カップラーメンの容器も多少汚れている程度なら、リサイクルできるとテレビでやっていましたが、実際にはスーパーなどのリサイクルBOXに出せないことが多い気がする…。　
やはり、食品トレーに比べると洗浄などに手間がかかるのでしょうか。"
787,未読,2026/5/27 23:30,,みー,"チラシと雑紙の区別がイマイチ分からないまま　資源物に出してます。
チラシはツルツルした紙で
コピー用紙の様な紙でのチラシは　雑紙に出してます。
市役所の広報誌、町内会とかの印刷物は広告の紙とは違うので雑紙にしています。
リサイクルして次に生まれ変わるには　出す方が　しっかりしないとと思うので　教えてください。"
786,未読,2026/5/27 23:04,,ナッキー,歯ブラシはなぜプラステックで出してはいけないのでしょうか?
785,未読,2026/5/27 22:54,,エコポン,透明トレーのうち色付きの底が引っ付いている場合は、透明トレー回収袋に入れてよいのですか？玉子のトレーは入れても良いの？
784,未読,2026/5/27 22:29,,あやママ,ナフサ問題がありますが、リサイクルをより一層進める機会になりますか？
783,未読,2026/5/27 21:55,,とみぴー,食品トレイ、リサイクルできますか？回収できるとこありますか？
782,未読,2026/5/27 21:45,,スミコ,牛乳の注ぎ口は、付けたままリサイクルしてもいいの？
781,未読,2026/5/27 21:35,,とみぴー,発泡スチロール、リサイクルできますか？
780,未読,2026/5/27 21:27,,とみぴー,リサイクル5キロ以上だと画面に前はポイントが表示されたのに今は表示されないのですか？
779,未読,2026/5/27 21:08,,エクレアH,石油不足でプラ原料不足なら、ビニール袋とかプララベルとかプラゴミを大規模回収したらいいのでは？
778,未読,2026/5/27 20:41,,しむ,レシートはリサイクルできないと聞きました。回収した物の中にレシートが混ざっていないか検品しますか？レシートが混じっていたケースはどのくらいありますか？レシートが入っていた場合の影響について知りたいです。
777,未読,2026/5/27 20:38,,Mini,瓶のリサイクル回収はありますが、割れた瓶等はリサイクルされるのでしょうか?
776,未読,2026/5/27 20:33,,ななすけ,キャラメルやチューイングキャンディなどのパッケージや個包装の、片側が銀色の紙は回収対象品ですか？
775,未読,2026/5/27 20:26,,ノン,住所や名前の入ってるものはリサイクルに出さない方がいいの？
774,未読,2026/5/27 20:02,,ヨウコ,紙ゴミや段ボールを束ねる紐は、紙製の方がいいですか？
773,未読,2026/5/27 19:49,,スッキリンゴ,リサイクルに出しても良い紙の大きさの下限を知りたい。お菓子の紙などの小さな紙はリサイクルが難しいのかと思って可燃ごみに入れがちです。どの程度の小ささまではリサイクル可能なのでしょうか？
772,未読,2026/5/27 19:30,,チャコ,シュレッダーにかけた紙類はリサイクルとして出して良いですか。
771,未読,2026/5/27 18:39,,猫たま,"こういうイベントは、リサイクルに自然と引き込まれます！気付いたらいつも参加しちゃってます！
このアプリを開発した方うまいです。つい開いちゃいます。質問じゃなくてすみません。"
770,未読,2026/5/27 18:24,,メメメッチ,油のペットボトル以外にリサイクルできないペットボトルはありますか？
769,未読,2026/5/27 18:09,,みかん,"お餅の個別包装に付いてる脱酸素剤エージレスはプラゴミなのか燃えるゴミに出すのか迷ってます
プラの包装にピッタリ付いてるので剥がして捨てたらいいのかな？
"
768,未読,2026/5/27 17:20,,ヒロ,酒の箱の銀紙でもリサイクルに出せるのでしょうか？
767,未読,2026/5/27 17:05,,なふさ,ナフサ不足に対して、私たちができるリサイクルは？
766,未読,2026/5/27 17:00,,すみ,書き初めや習字の紙（墨汁使用）も出せますか？
765,未読,2026/5/27 16:57,,クレヨン,クレヨンや絵の具で書かれた紙も出せますか？
764,未読,2026/5/27 16:55,,ペット,"ペットボトル、缶、古布、陶器（食器）などの回収もあるとありがたいです。

今後、予定はありますか？
　
（ポイント付与もあれば更にうれしいです。）
"
763,未読,2026/5/27 16:22,,ツーナイン,段ボール、新聞、濡れていてもリサイクル出来ますか？
762,未読,2026/5/27 16:07,,ふくろ,"丈夫な紙袋や米袋（紙製）に雑紙、本などを入れて出せますか？

その場合、重さ制限の目安はありますか？"
761,未読,2026/5/27 16:01,,かみ,"小さくちぎった紙も出せますか？

最小サイズはありますか？"
760,未読,2026/5/27 15:44,,グルっぽ,"雑誌を留めている小さいホチキスの針などは、取った方がいいのですか？
糸で束ねているものは、そのままでもいいのですか？"
759,未読,2026/5/27 15:38,,すがっち,100年先を考えた時にリサイクルをビジネスとして成り立たせるための課題にはどんなことがありますか?
758,未読,2026/5/27 14:47,,じっぺ,封筒はリサイクルできるの？
757,未読,2026/5/27 13:29,,冷やっこ,"リングノートのリングはそのままリサイクルに出してよいか？

国語辞典や漢字辞典もリサイクルに出してよいか？"
756,未読,2026/5/27 12:30,,ヨコ124,段ボールに貼ってあるガムテープは、ビニール製だからはがさなくちゃいけない？
755,未読,2026/5/27 12:23,,ゆずあめ,新聞折り込みのチラシは？
754,未読,2026/5/27 12:13,,よっち,段ボール大きさバラバラだと、ガムテープで、貼って出したことありますが、よかったのかな？と思いました
753,未読,2026/5/27 12:08,,だいこんぶりざーど,6缶パックのビールなどの包みは、段ボール？雑紙？
752,未読,2026/5/27 11:58,,小梅,フルーツ等の傷防止に掛かっている発砲素材の様な、主に白いネットの分類を知りたいです。
751,未読,2026/5/27 11:29,,ちろママ,"ティッシュ箱の取り口周りのビニールは「プラ」ですか？
箱の紙部分が付きますが、取ったほうが良いでしょうか？"
750,未読,2026/5/27 11:08,,ちろママ,ダイレクトメール等に入っているチラシは、束ねる時に新聞紙・広告類それとも図書・雑誌類のどちらになりますか？
749,未読,2026/5/27 11:04,,ポッポ,郵便物のシール切手は貼ったままリサイクルできますか？セロテープは剥がしたほうが良いですか？
748,未読,2026/5/27 10:55,,てま,ペットボトルの飲み口に付いている、キャップを外した時の下の輪っかの部分は、リサイクル時にどうやって、外しているのか。
747,未読,2026/5/27 10:31,,宇都宮のウルトラマン,ルーレットは何キロゴミをだすと開始するの
746,未読,2026/5/27 10:29,,ゴミ捨て,"紙袋の指定はありますか。紐が紙製じゃないものや、撥水加工がされているものはダメですか。
ダンボールを縛る紐は何がいいのですか
ガムテープの素材は紙製じゃないとダメですか"
745,未読,2026/5/27 10:17,,はなちゃん,"布も大切な資源だと思いますが回収場所が極端に少なく感じます。
布の回収は手間がかかるのでしょうか？"
744,未読,2026/5/27 10:14,,さりー,新聞紙をまとめるのに、ビニール紐を使っていて大丈夫？
743,未読,2026/5/27 9:48,,きらまま,段ボールや紙が上手く縛れません。弛まない縛り方教えてください。
742,未読,2026/5/27 8:52,,ひろ,ダンボールって間に波々の紙が入っているものだと思いますが、色も材質もダンボールのものと同じなんだけど、波々が入っていないものは、ダンボール？それとも雑紙？
741,未読,2026/5/27 8:37,,米MAX,"古紙と段ボールを捨てるスペースが分かれていますが別々に回収されるのでしょうか？
また、段ボールが満杯だと古紙のスペースに捨てられていますが問題ないのでしょうか？"
740,未読,2026/5/27 8:20,,はなはな,"レシートは,リサイクルできないのに
プラ容器に貼ってあるシールは,付けたままリサイクルへ出してよい地区があります｡
同じく印字された紙なのに,剥がさなくてもリサイクルできるの?"
739,未読,2026/5/27 8:16,,ジュンコサン,"紙類と牛乳パックは分けたほうがいいのですか？
それはなぜですか？
紙はよくたまりますが牛乳パックは数個なのでそれでも分けた方がいいのでしょうか？"
738,未読,2026/5/27 8:11,,ひよこ豆,"リサイクルできない紙にもリサイクルできるみたいな紙マークがついているので紛らわしい
なんでですか？
原材料は紙だけどリサイクル不可マーク作ってほしい"
737,未読,2026/5/27 8:03,,リサイクルの極み,毎日、何キロの段ボールのリサイクルから、何キロの何に変化するのですか？
736,未読,2026/5/27 8:02,,ちっぷたん,段ボールと新聞紙ッてなんで分けるの？
735,未読,2026/5/27 6:56,,mya-,"ペットボトルの捨て方について。
ある自治体ではラベルを剥がして、キャップ、ラベル、ペットボトルを分別して捨てます。また、ある自治体ではそのまま捨ててもOKです。この違いはなぜ生まれるのでしょうか。処分やリサイクル方法が違うからですか。"
734,未読,2026/5/27 6:52,,タヅコ,ペットボトルのキャップは回収しないんですか？
733,未読,2026/5/27 6:52,,pink,牛乳パックはリサイクルできるのにヨーグルトの入れ物はなぜリサイクルできないのですか？同じ素材だと思うのですが
732,未読,2026/5/27 6:48,,まさレモン,"紙ごみにシールが付いていても紙ごみとして捨てられるのか。
例えば、宅急便の送り状。
また、窓付きの封筒の窓部分に付いているのがプラ素材だった場合、紙ごみとして捨てられるか。"
731,未読,2026/5/27 6:44,,こまじろう,菓子袋の油は水洗いだけでいいですか
730,未読,2026/5/27 6:29,,えー,プルタブは、どこで回収してるの？
729,未読,2026/5/27 6:27,,えー,ペットボトルの蓋は、どこに持っていけばいいの？
728,未読,2026/5/27 6:14,,フタ,"中東情勢により原材料不足で牛乳パックの回収、発泡スチロールが止まっています。
ゴミステーションに牛乳パックを捨てる方がいますが、ゴミステーションでは牛乳パックのリサイクルはしてないのでしょうか？"
727,未読,2026/5/27 5:59,,ふくちゃん,プリントにペン書きした紙はリサイクルできるの？
726,未読,2026/5/27 5:34,,こがじろう,回収されたものの利益はどの位になるのでしょうか
725,未読,2026/5/27 5:32,,non,ケーキの箱の様な表面がツルツルした箱も雑紙としてリサイクルできますか？
724,未読,2026/5/27 5:29,,カキミ,ダンボールに貼ってあるガムテープは剥がしてからリサイクルした方がいいのですか？
723,未読,2026/5/27 5:28,,アキラ,雑紙を集めて出してますがいろんな素材があってリサイクルするとき大変では？
722,未読,2026/5/27 5:01,,絵描きのシュウ,質問というより、要望になってしまいますが、リサイクルステーションの一角に「ご自由にどうぞ」コーナーを設けて頂けたら。ゴミとして捨てるには忍びない、まだ利用価値のある（でも自分には不要になった）物を持ち込める場があれば良いなと思いました。
721,未読,2026/5/27 4:58,,ジンフリークス,調味液のボトルも回収機械に入れば入れて良いのでしょうか？
720,未読,2026/5/27 4:52,,とむ,"リサイクルできない雑紙はある？
金色や銀色のパッケージのものは駄目？"
719,未読,2026/5/27 4:40,,たいぴ,ホチキスで綴られてる古紙は、ホチキスを外さなくても大丈夫？
718,未読,2026/5/27 4:25,,ナカちゃん,古新聞を出す時に新聞広告も一緒に出して良いと言うけど、広告は雑紙として別にすべきではないかな？　ツルツルの紙も多いですよ
717,未読,2026/5/27 4:14,,わけ,プラスチックは、汚れたものは洗ってブラスチックへとしていますが、どの程度の汚れまでか悩む時があります。あまりに汚れているものは可燃でいいのかなぁ。
716,未読,2026/5/27 2:47,,ma,ラベルは少し付いてても大丈夫なの？
715,未読,2026/5/27 2:26,,リエイ,飲むヨーグルト(R1等100ml)のペットボトルはリサイクル機に対応できますか
714,未読,2026/5/27 1:14,,スーさん,ペットボトルは何に再利用されている？
713,未読,2026/5/27 0:26,,あーる,ペットボトルのリサイクルマークに書いてある数字は何を指してるのでしょうか？
712,未読,2026/5/26 23:54,,みる,ウォーターサーバーのボトルはペットボトルの容器と似てるのに、市では、燃えるゴミとして出しています。なぜなのでしょう？
711,未読,2026/5/26 23:39,,あっちゃん☆,焼酎の紙パックはリサイクルできますか？
710,未読,2026/5/26 23:04,,ぱる,雑誌とかダンボールを縛る紐はビニール紐でもいいですか？
709,未読,2026/5/26 22:47,,くまこ,プラスチック容器をスーパーのリサイクルボックスに出すが、玉子パックがOKの所とNGな所がある。OKの所が少なくて行くのが大変なんだけど…なぜOKな所とNGな所があるのか？
708,未読,2026/5/26 22:37,,タカさん,ペットボトルやガラス瓶を回収する時に、中を水で濯ぐことになっていますが、プラ・ガラスをリサイクル（またはリユース）することと、水資源を大切にすることをどちらを優先すべきか、いつもモヤモヤしながら濯いでいます。どう考えればいいのでしょうか？
707,未読,2026/5/26 22:32,,セブン,スノードーム（電池を入れると光が点灯）は燃えるゴミ？燃えないゴミ？
706,未読,2026/5/26 22:12,,おかとみ,こどもがやり終わった問題集は冊子ごとリサイクルに出していいのでしょうか。
705,未読,2026/5/26 22:09,,jey,段ボールの宛名のシールはきちんと取ってからリサイクルに出した方がいいですか？それとも貼ってあっても差し支えないのでしょうか？
704,未読,2026/5/26 21:42,,杏子,厚紙とダンポールの違いを教えて下さい
703,未読,2026/5/26 21:37,,ゆず,雑紙、新聞、段ボールは資源としてリサイクルされるが、シュレッダーに掛けた紙はリサイクル出来ないのはなぜ？
702,未読,2026/5/26 21:32,,ば,ガラス瓶やプラゴミの回収もポイント制にすれば、自治体のゴミ収集量は減ると思います。
701,未読,2026/5/26 21:26,,監督,養鶏場で直接20個単位の卵を買うとき、透明な蓋で、下側は段ボールのような素材に入っています。下側の素材は、リサイクル出来るのでしょうか。
700,未読,2026/5/26 21:24,,だいきん,"ペットボトルとして表示しているが回収機が読み取らない違いは？
汚れてはいません"
699,未読,2026/5/26 21:22,,azuki,紙のリサイクルで1番大変な事は？
698,未読,2026/5/26 21:03,,W100.1,リサイクルステーションへの持込量の計測をkgから100g単位にしてもらえたら、持込の周期やタイミングが今よりも自由になると思います。
697,未読,2026/5/26 21:02,,はち,小説などの単行本は表紙の厚紙をとれば糸で綴じてあってもそのまま雑誌と一緒にリサイクルできるの？
696,未読,2026/5/26 21:02,,みゅう,回収したらどこへ運んでるの？
695,未読,2026/5/26 20:58,,はち,2、3枚の紙でもホッチキスで留めてあるものは、雑誌と一緒に出していいのでしょうか？
694,未読,2026/5/26 20:55,,もん,企業の紙ごみを集めたらかなりの量になると思いますが、なぜ個人向けの回収が多いのですか？
693,未読,2026/5/26 20:43,,わくわく,"新聞をまとめる時に使用するひもについてです。
いわゆるビニールひもを使っているのですが、リサイクルに支障がないか心配です。(紙製のひもを使用すればいいのでしょうが)
ビニールひもを使用した場合、リサイクル時にどのように処理されるか教えてください。"
692,未読,2026/5/26 20:37,,やっちー,レトルトカレーの袋や、納豆のタレの袋、仕切りの薄いビニールは、どの程度洗って何ゴミにすると良いですか？
691,未読,2026/5/26 20:34,,あねご,ケーキの箱は、クリームなどが付いてなければ出せるのですか？
690,未読,2026/5/26 20:30,,あねご,小さい紙（メモ、付箋、紙の切れ端…など）は、どのように出すのが正解ですか？
689,未読,2026/5/26 20:29,,みぃ,雑誌1冊でも結んで出さなきゃ行けないのかな
688,未読,2026/5/26 20:18,,hayataikun7383,
687,未読,2026/5/26 20:13,,猫たま,食パンに付いてるクリップは、何にリサイクルされるのでしょうか？
686,未読,2026/5/26 19:58,,トキー,サランラップのしんは紙ゴミですか。
685,未読,2026/5/26 19:49,,いいと,市の資源ごみ回収日とぐるっとポンに出すのはどちらがリサイクル的には良いのですか？
684,未読,2026/5/26 19:42,,こてはは,飲み物と調味料のペットボトルが分けてリサイクルされるのはどうしてですか？
683,未読,2026/5/26 19:24,,茶ボス,窓付き封筒のフィルム（最近は窓も紙製のものもありますが）は、やはりはずさないとリサイクルには出せないものでしょうか？
682,未読,2026/5/26 19:14,,クマ,"キャップ式の牛乳パック
取り外さないとダメですか"
681,未読,2026/5/26 19:08,,ちっちママ,キャップの付いた紙パックはどうやってリサイクルに出せば良いでしょうか？
680,未読,2026/5/26 19:00,,タコス,細かく刻んだ紙をリサイクルに出すのは迷惑ですか？
679,未読,2026/5/26 18:58,,NINA0531,ペットボトル飲料以外のペットボトルが回収されないのはなぜ？
678,未読,2026/5/26 18:46,,まかろ,プラスチックをリサイクルするのに、軽くすすぐだけで油分が残っていても問題ないの？
677,未読,2026/5/26 18:45,,あ,ペットボトルなのですが、1本１本機械に投入してると、結構な確率で詰まって係りの方を呼んでいます。機械の事で仕方ないとは思いますが、またカードをかざす最初から始まります。ポイントはどうなっているのでしょうか？消えてしまってるのでしょうか？
676,未読,2026/5/26 18:43,,ベンツ,缶のリサイクルコーナーがあったらうれしい
675,未読,2026/5/26 18:39,,ふみふみ,ニュースで、リサイクルできないゴミは埋め立てられると聞いたけど、どんなゴミがリサイクルできないの？
674,未読,2026/5/26 18:28,,hasibiro,レシートはなぜリサイクル出来ないのですか？
673,未読,2026/5/26 18:20,,のの,新聞と広告は分けるべき？
672,未読,2026/5/26 18:18,,きなこもち,洋服の袖や襟首が伸びてるのもリサイクルに出していいの？
671,未読,2026/5/26 18:16,,maaar,"小学校でペットボトルのキャップ回収をしています。ワクチンになると聞いたことがありますが、どんなシステムなのか知りたいです！
参加してるメーカーがワクチン代をだしてくれるとかそんな感じなのでしょうか？
溶かしてなにかに変えてでた利益を寄付なのか？
どのキャップでも意味があるのか？気になります！"
670,未読,2026/5/26 18:08,,ちぃスケ,紙ゴミのリサイクル出来る紙と出来ない紙の境界線みたいなわかりやすい目安は？
669,未読,2026/5/26 18:00,,リンクウノン,雑紙は、ノートの切れっ端でもOKですか
668,未読,2026/5/26 17:50,,おにやんま,新聞紙と広告は混ぜてリサイクルに出しても大丈夫ですか？
667,未読,2026/5/26 17:49,,ウニ丸,ペットボトルを洗ったけど落ちない汚れはそのままで大丈夫？
666,未読,2026/5/26 17:36,,ニモ,段ボールや雑がみ類を出す時、ビニールテープではなく紙テープでまとめても大丈夫でしょうか？
665,未読,2026/5/26 17:30,,ごまちゃん,付箋って、雑紙に入れてリサイクルしていいの？
664,未読,2026/5/26 17:25,,みきはな,リサイクルについて、世界の中で最も盛んにリサイクルに取り組んでいる国を知りたいです。また、そのなかで日本はどのくらいのところに位置しているのか？更に意識していくべき点はどんなところか知りたいです。よろしくお願いします！これからも家族みんなで、自分達のできるリサイクルに取り組んでいきたいです。
663,未読,2026/5/26 17:22,,まめ,リサイクルしたポイントはいつ反映されるのですか?
662,未読,2026/5/26 17:20,,京子,ペットボトル回収機で、いろはすのペットボトルはどうしてつぶしてから投入するのですか？
661,未読,2026/5/26 17:16,,ちーぼう,缶詰などの蓋は、なぜ缶ゴミと一緒に出してはダメなのですか？
660,未読,2026/5/26 17:16,,どり,"裏が白いチラシにメモ書きした用紙はリサイクル出来るの？
できる場合は、新聞チラシ？雑がみ？どっち？"
659,未読,2026/5/26 17:15,,ちーぼう,プラスチックのおもちゃや、プランターなどのプラスチック製品は、なぜプラゴミではなくて燃えるゴミなのですか？
658,未読,2026/5/26 17:13,,ちーぼう,プラと書いてあっても、プラゴミじゃないのはなんでですか？
657,未読,2026/5/26 17:11,,すきいやあ,どう見ても段ボールでも、段ボールマークが無いものは雑紙ですか？
656,未読,2026/5/26 17:07,,こりんきい,料理酒の空箱…内側が銀紙になっているので　いつもは燃えるゴミで出していますが…銀紙を剥がせば雑紙として出せるのでしょうか？いつも…勿体無いなぁと思いながら燃えるゴミで出しています
655,未読,2026/5/26 16:52,,じゅん,個人情報などを細かく裁断して、封筒に入れて出してもいいですか。
654,未読,2026/5/26 16:41,,美和子,ポイントが加算されないけど、なぜですか？
653,未読,2026/5/26 16:18,,雷おこし,"習字の和紙は大丈夫ですか？
又、書いてある物や表装されている掛け軸はどのように　出したら良いですか？"
652,未読,2026/5/26 16:15,,あんこ,教科書はリサイクル出来ますか？
651,未読,2026/5/26 16:12,,くに,ペットボトルのフタも一緒に捨てる所が機械に付いてないの？
650,未読,2026/5/26 16:03,,充電池はリサイクルできないの？,"スマホの充電池が何個もあって困ってる
リサイクルでかないか？"
649,未読,2026/5/26 15:59,,はは,紙でも、アルミが張ってある物はリサイクル出来ますか?
648,未読,2026/5/26 15:46,,bon,新聞紙に包装紙を入れていいの？
647,未読,2026/5/26 15:37,,なお,燃えないゴミは埋め立て地に埋められて終わりですか？もうリサイクルとかできないんですか？
646,未読,2026/5/26 15:23,,トラネロ,ダンボールに貼られたテープやガムテープが外しにくい場合、少しくらいついていても大丈夫？全部剥がさないとリサイクルに影響はある？
645,未読,2026/5/26 15:22,,ぽこ,新聞と広告チラシは分けた方がいいのか
644,未読,2026/5/26 15:21,,ほし,新聞紙と　ダンボールは　再生されると　大半は　何になるの？
643,未読,2026/5/26 15:17,,ももちん,新聞紙などを束ねるヒモは紙のヒモが良いのでしょうか？
642,未読,2026/5/26 15:17,,のんきち,ペットボトルキャップは、なぜ分別しないといけないの？
641,未読,2026/5/26 15:14,,ゆうちゃん,シュレッダーにかけた古紙はもう一度再生紙としてリサイクルできるのでしょうか?
640,未読,2026/5/26 15:12,,京都吉田,"ビニールやプラスチック類、アルミなど金属類で表面加工された紙ダンボールはリサイクルに出せますか？　今まで燃えないゴミとして処分してました。
"
639,未読,2026/5/26 15:05,,もこ,"牛乳パックは内側がツルツルですが、
それも水に溶けてリサイクルされるのでしょうか"
638,未読,2026/5/26 15:00,,ゆぴ,チラシや雑誌、ノートやコピー用紙は雑紙として一緒にまとめて紐で括っていいの？
637,未読,2026/5/26 14:53,,ひなばぁば,色素沈着したペットボトルは再利用できますか？家庭ゴミですか？
636,未読,2026/5/26 14:43,,キョロパパ,お菓子の厚紙も大丈夫なのでしょうか？
635,未読,2026/5/26 14:38,,まる,"ダンボールの基準とは何でしょうか？
素材ですか？空洞のある紙をサンドしたものですか？"
634,未読,2026/5/26 14:37,,ジャーキー,"新聞紙（チラシも）は、それだけでリサイクルに出した方がいいのか、それとも学校のプリントや回覧板の配布物等も一緒にまとめてリサイクルに出していいのか、いつも迷います。
どちらの方がいいのでしょうか？"
633,未読,2026/5/26 14:29,,けっけ,荷物のクッション材は、どんな種類があって、リサイクル可否の判断はどう判断すべきなのか？
632,未読,2026/5/26 14:28,,まる,ダンボールと新聞紙を分けていますが、リサイクルする用途が違うのでしょうか？
631,未読,2026/5/26 14:23,,すーさん,"ダンボールや紙ゴミを紙テープでまとめて出しているんですが、これっていいの？
また逆にダンボールに貼ってある紙テープやビニールテープははがした方がいいの？"
630,未読,2026/5/26 14:01,,やすケ,"リサイクルに出す際、段ボールはビニール紐でしばって、雑紙は紙袋に入れてビニール紐でしばっております。
リサイクルの観点や回収員さんの労から正解を教えて頂きたいです。"
629,未読,2026/5/26 13:59,,ミッキー,コピー用紙を包んである紙はリサイクルできるのでしょうか？
628,未読,2026/5/26 13:28,,はたけ,雑紙の封筒に宛名でシールが貼られている場合ははがした方が良いのか？
627,未読,2026/5/26 13:24,,どる,紙ごみを段ボールに入れたまま出していいのか、紙だけをほおり入れて良いのでしょうか？
626,未読,2026/5/26 13:13,,わだっこりん,紙と書いてあるカップラーメンを、食べた後に、紙をキレイに洗ったら、リサイクルで宜しいですか？
625,未読,2026/5/26 13:09,,バウ,"レシート、紙の質によってはリサイクル出来るものもあるの？

紙袋、ツルツルのものと、ザラザラのものがあるけど、持ち手の部分を取れば　リサイクル出来るの？"
624,未読,2026/5/26 13:08,,ぴーちゃん,"アイスなどのカップは防水加工などされているので、リサイクル回収しないとききましたが…
カップに防水されている、と、書いてありますが？"
623,未読,2026/5/26 13:07,,はる,アイスのパルムのチョコがちょっとだけ着いた袋は、洗わなくても大丈夫ですか？
622,未読,2026/5/26 12:55,,☆ELLE☆,ビールの6缶パック、ティッシュの箱はリサイクルできないと聞きましたが、本当ですか？
621,未読,2026/5/26 12:43,,猫助,古紙をリサイクルする過程で1番大変な作業は何ですか？
620,未読,2026/5/26 12:38,,ひさお,ペットボトルの蓋は、リサイクルできるのですか？
619,未読,2026/5/26 12:36,,はらちゃん,内側がアルミコーティングしてあるパックはどこに捨てたらいいかな？
618,未読,2026/5/26 12:22,,みいちゃん,缶のリサイクルはしないのですか？
617,未読,2026/5/26 12:19,,Taka,    日本のリサイクル率は高いですか？
616,未読,2026/5/26 12:07,,みくりく,段ボール、新聞紙、雑紙ボックスがいっぱいのときは、空いている方に捨ててくださいとなっていますが、やっぱり捨てるときは分けたほうがいいのですか？？
615,未読,2026/5/26 12:07,,渡り廊下走り隊,アルミ付きの紙パックは自宅付近で回収していない場合は可燃物で捨てるしかないのですか。
614,未読,2026/5/26 11:49,,ひとみ,リサイクルしたゴミはどこにいくの？
613,未読,2026/5/26 11:47,,まるちゃん,"ダンボールは、リサイクルに出すとわかっていますが、
倉庫に眠っていた段ボールを出したら、
カビやらホコリやらで燃えるゴミとして出した方がいいのか迷ってしまいます。
雑紙は、汚れてたり臭いの取れない物は、リサイクル出来ないと書いてあったので燃えるゴミに出しています。
ダンボールでも汚れのひどいのはリサイクルには出さず、燃えるゴミとして処分した方が良いのでしょうか？
猫の爪とぎのダンボールで出来た商品ダンボール出てきた商品とかはリサイクルに出せますか？
"
612,未読,2026/5/26 11:38,,とみぴー,新聞紙やダンボールなどリサイクルするとポイントが画面に表示されたような気がするのですが、今も画面に表示されるのですか？
611,未読,2026/5/26 11:32,,アキ,子供が作ったセロハンテープが貼ってある工作や絵の具で描いた絵などは雑紙に出していいのでしょうか？
610,未読,2026/5/26 11:18,,あき,食用油のペットはリサイクル出来るの
609,未読,2026/5/26 11:15,,ああ,洗った方がいいのか？
608,未読,2026/5/26 11:14,,ちろママ,"ドレッシングの「プラ」の隣にボトル、キャップ、ラベルと書かれ、「ラベルはここからはがせます」の表示も（?）。よく見るとボトル（PET）となってます。他のドレッシングもみんなPETになっていました。今まで知らないでプラスチックの袋に入れてましたが、カルピスが「ペットボトルではありません」と表示しているように、「ドレッシングのボトルだけはPETボトルなんだ〜‼」と誰でもわかるような表示があったらと。
"
607,未読,2026/5/26 10:59,,しょうやん,雑かみとダンボールを一緒に出して、リサイクルできるの？
606,未読,2026/5/26 10:59,,ユウコ,お米の紙袋は雑紙になりますか？
605,未読,2026/5/26 10:52,,しもまま,"プリングルス（ポテトチップス）の筒状入れ物の捨て方がわかりません。
蓋はプラですが、底が缶になっているので、分解しなとダメでしょうか？"
604,未読,2026/5/26 10:47,,なおちゃん,肉や魚を買った時のに包装しているラップは、リサイクルしても良いのですか？
603,未読,2026/5/26 10:38,,きょ,記名がしてあるノートや教科書って、消した方がいい？
602,未読,2026/5/26 10:36,,なおちゃん,ラップの芯の部分も、段ボールでリサイクルにだしても良いですか？
601,未読,2026/5/26 10:34,,ももんが,リサイクルした紙製品はどれくらいの期間で違うものになるの？
600,未読,2026/5/26 10:17,,ケリー,アルミ缶のリサイクルはあるの？
599,未読,2026/5/26 10:16,,じっぺ,色のついたペットボトルはリサイクルできないの？
598,未読,2026/5/26 10:00,,totoro,段ボールや雑紙についているガムテープやセロテープはそのままでもリサイクルに支障はないのでしょうか。
597,未読,2026/5/26 9:50,,ひろりん,スチール缶はリサイクルできないのか？
596,未読,2026/5/26 9:47,,みー,"個人情報記載の紙はリサイクルに出せないですが鋏で切ったりシュレッダーにかけたら出せますか？
個人情報をスタンプで隠した場合は出せますか？
ぜひ教えてください"
595,未読,2026/5/26 9:44,,あびちゃん,何時も利用させて頂いてます　ヨーグルトパックの件で　以前はダメと聞いていたのですが　リサイクルできるんじゃないという人がいて　どちらが本当なのか迷っています 教えてください
594,未読,2026/5/26 9:43,,チャボ,シャンプーやコンディショナーの詰め替えパックや、食器洗い用の洗剤詰め替えパックは濯いで乾かすのが大変ですが、濡れていてはプラごみに出してはいけないのか？そもそもプラごみマークは付いているが出して良いのか？
593,未読,2026/5/26 9:33,,つうさん,処方薬などで見かけるプラスチックのキャップがついた5センチほどのアルミ製チューブはリサイクル出来るものですか？
592,未読,2026/5/26 9:20,,メグ,紙ごみの種類を細かく知りたい
591,未読,2026/5/26 9:19,,あきちゃん,ペットボトル回収機が詰まるのは入れ方が悪いのか?
590,未読,2026/5/26 9:19,,ままっち,よく整形外科で貰う湿布のシールはプラ製品だけどリサイクルしたら何になるの
589,未読,2026/5/26 9:13,,マルコ,プラスチックゴミはかさを減らすために細かく切って出してもいいの？？
588,未読,2026/5/26 9:13,,ぴい,レシートはリサイクル出来ないと何かに書いてあったので、もえるゴミに出してますが、なぜなのか教えてほしい。
587,未読,2026/5/26 9:12,,メイ,ダンボールは何に再生されますか。
586,未読,2026/5/26 9:06,,もぐ,段ボールや雑紙を出す際にシール類はどの程度剥がせばよいのでしょうか？封筒などのシールが貼ってある部分は切り取ってそれ以外をリサイクルに出しています。
585,未読,2026/5/26 9:00,,すみたん,リサイクルさえ、回収の袋など、不足してて、これからの、リサイクル、大丈夫ですか？
584,未読,2026/5/26 8:34,,ベガペット,ペットボトルは何回でもリサイクルできるの
583,未読,2026/5/26 8:33,,ふーちゃん,紙に値段の付いたシールは　剥がしてからリサイクルに出した方がいいですか？
582,未読,2026/5/26 8:29,,ろくにょん,再生紙に生まれ変わるまでにどのくらいの工程があるのでしょうか?
581,未読,2026/5/26 8:18,,セナ,たまこのパックはリサイクルしないのですか
580,未読,2026/5/26 8:17,,セナ,アルミ缶はリサイクルしないのですか
579,未読,2026/5/26 7:51,,花子,ペットボトルのキャップもリサイクルできますか？
578,未読,2026/5/26 7:51,,デニムマン,リサイクルでどうにかナフサ問題解決できないものか
577,未読,2026/5/26 7:47,,まりぞう,底が缶で、上が厚紙(筒状)のポテトチップのゴミは、どうやって捨てたらいいですか？
576,未読,2026/5/26 7:35,,Kappa3,"1.肉や魚のトレイは℃の程度洗えばいいの？ 洗剤で洗わないといけないの？
2.カレーなどのレトルト袋はリサイクルできないの？"
575,未読,2026/5/26 7:33,,蒼太,新聞紙を出す時、ビニル紐で縛った方がいいの？それとも紙袋にまとめた方がいいの？
574,未読,2026/5/26 7:24,,な,シュレッダーの紙くずはリサイクルできますか？
573,未読,2026/5/26 7:19,,いっち,段ボールは、2〜3枚でもヒモで縛ったほうがいいのでしょうか?
572,未読,2026/5/26 7:07,,すぅさん,今後、アルミ缶の回収の予定はありますか？
571,未読,2026/5/26 7:07,,ばあば,ダンボールについてるガムテープはそのまま出しても大丈夫なのですか？
570,未読,2026/5/26 7:06,,セナ,ダンボールは何になるのでしょうか
569,未読,2026/5/26 6:28,,JZO,リサイクル紙をひもでしばるときのコツを教えてください。
568,未読,2026/5/26 6:02,,やすヤス,厚い表紙の図鑑や辞書のようなしっかりした表紙のものも通常の本と一緒にリサイクルに出して大丈夫ですか?
567,未読,2026/5/26 5:43,,彩ちゃんママ,牛乳紙パック雑がみと一緒にリサイクルに出しても大丈夫？内側に銀紙が付いている紙パック牛乳パックと一緒にリサイクルに出しても大丈夫？
566,未読,2026/5/26 4:04,,りょん,本をリサイクルする時ホッチキスでとめてある雑誌などはどのようにしてリサイクルすればよいのでしょうか？
565,未読,2026/5/26 1:55,,けいにゃん,ペットボトルの蓋は何に再利用するのか
564,未読,2026/5/26 0:40,,ハルぽんぬ,"なんで自治体によって、ごみの捨て方が異なるのか？
国や県で一斉統一はなぜできないの？
県内の中でも、燃やせるゴミと燃やせないゴミを分けるところと同じで良いところなど…
各自治体のごみ処理施設の機能？！の違いだけでしょうか？"
563,未読,2026/5/26 0:06,,しげさん,"アルミニウム資源は
何故回収しないのですか？
日本ではあまり取れない重要資源物で
あるとおもいますが。
"
562,未読,2026/5/25 23:39,,ちゃーちゃん,金属やネジが付いているプラスチックは何ゴミ？？
561,未読,2026/5/25 23:11,,ヒカキン,宝の焼酎のペットボトルはペットボトルリサイクルの機械にいれられる？通常のペットボトルリサイクルにいれてよいのか？
560,未読,2026/5/25 23:11,,マルコレ,"雑紙のリサイクルの際に、金色や銀色が入ってる紙は、混ぜてはダメと言われたことがあります、けっこうワンポイントでキラキラしてる紙ゴミは多いと思うのですが、私は特殊加工されてる紙アイスやヨーグルトや豆乳パックなどと一緒の集積に出してますが、正しいですか？
また、雑紙に混ぜてはいけないとしたら、周知が足りないのではないでしょうか？"
559,未読,2026/5/25 23:00,,おけいどん,"雑がみをリサイクルステーションに出せるようになってから　市の週2回燃やすゴミの量がかなり減って　ゴミ袋もサイズダウン　気分も良いです
ラップの硬い芯も、出せるのか教えて下さい"
558,未読,2026/5/25 22:39,,まめちゃん,"ダンボールに張り付いてる
ガムテープやナイロンのテープ
そのままでもリサイクルできますか"
557,未読,2026/5/25 22:31,,kouhiroyu,新聞紙を紐で結ぶのが大変なので、紙袋に入れてます。どちらの方がいいのでしょうか？
556,未読,2026/5/25 22:12,,かず,お店でよく発泡スチロールのトレイなど回収していますが　街の資源ゴミ回収との違いはありますか？
555,未読,2026/5/25 21:23,,でこ,"ペットボトルは飲み終えたら綺麗に濯いで、乾燥させてからリサイクルに出していますが、洗わずにそのままリサイクルに出す人もいます。
回収してから、まとめてきれいにされるのですか？"
554,未読,2026/5/25 20:21,,ヨッケくん,"いつも楽しくリサイクルさせて頂いております！
さて、いつも持ち込むリサイクルステーションに、誰かが持ち込んだ30キロの米袋のまとまった物が暫くの間回収されないまま、片隅に有ります。
30キロの米袋は紙で出来てる様ですが、リサイクルには向かないのでしょうか？
それとも、単に回収業者が持って行かないのでしょうか？
いつもリサイクルに行く度に妻と、まだあるねー！と言っています。
私どもは、東北地方なので30キロの米袋は頻繁に見かけます。
ズバリ、米袋はリサイクルステーションに持ち込む事が出来るのでしょうか？"
553,未読,2026/5/25 19:09,,junoka,ゴミに出され燃やし終わったゴミはどこに行くのでしょうか？
552,未読,2026/5/25 17:01,,robin,"世界的に見て、日本のリサイクル率は高いの？
"
551,未読,2026/5/25 16:43,,餃子がだいすき,"再生紙トイレットペーパーを買います。
ふつうのトイレットペーパーと比べて
柔らかさが違うように感じます。
再生紙だとペーパーが固めなのはメーカーの技術？"
550,未読,2026/5/25 16:39,,ちー,カミガチャ券を月をまたいでためても大丈夫ですか？
549,未読,2026/5/25 16:31,,リノア,目下、イラン情勢等で、資源調達が制限されつつある状況ですが、この時だからこそ、プラスチック等の再利用技術開発が期待されるべきで、是非、専門家が一丸となって、技術の研究に取り組んでいただけませんでしょうか？
548,未読,2026/5/25 16:27,,リノア,ピップエレキバン等の磁気パッドを分別する際、パッチ部分は可燃ごみで出せますが、磁石の粒はどのようにリサイクルが可能か？教えてください。
547,未読,2026/5/25 16:17,,みー,段ボールに貼ってあるガムテープや、配送シールなどは外してからリサイクルに出すのでしょうか。
546,未読,2026/5/25 16:16,,ほなみ,"バケツには「プラスチック」のマークが有るけど、
バケツはリサイクル品ではないのですよね？
容器包装のマークと同じなので、どう区別するべきか迷っています

ちなみに化粧品の容器は、リサイクル品で良いですね？      "
545,未読,2026/5/25 15:32,,ss,リサイクル資源を回収する人が「これは迷惑！」と思うことを教えて
544,未読,2026/5/25 15:28,,まめちゃん,"ドーナツやピザが入っていた
きれいな箱はリサイクルできますか"
543,未読,2026/5/25 15:23,,えみ,"辞書の出し方は？
ビニールカバーやコーティング表紙を取り外して出すの？"
542,未読,2026/5/25 15:05,,くぅ,実家にある古い百科事典は紙のリサイクル出来ますでしょうか？
541,未読,2026/5/25 14:24,,はな,段ボールに付いたままのガムテープ類は剥がしたほうが良いの？
540,未読,2026/5/25 14:16,,キヌコット,"プラスチックトレーのリサイクルマークが分かり難いです。リサイクルできるのかプラゴミに捨てなくてはいけないのか？と迷うことも。誰でも一目で分かるマークにしてほしいのですが、難しいのでしょうか?
"
539,未読,2026/5/25 13:53,,せっちゃ,"段ボールや雑紙をまとめるひも
はビニールひもだけでなくストッキングなどのひもでもいいのですか？"
538,未読,2026/5/25 13:53,,ひろ,「ぐるっとポン」では衣類などリサイクルの場所あるの？
537,未読,2026/5/25 13:34,,wan,"資源ゴミの紙ごみとして、ジャムの瓶に貼ってあるラベル（紙のリサイクルマークがついているもの）や、卵のパックに入っている賞味期限が印字された小さな紙や、購入した洋服などにぶら下げられている紙のラベルなど、小さいものでも紙ゴミに分別していますが、どんなに小さくてもリサイクル可能でしょうか？
リサイクルできるけど再分別などの作業がやりにくい・非効率だから、小さすぎると困るなどありますでょうか？"
536,未読,2026/5/25 11:04,,ち,宮城県の分別ルールで一番間違いが多いものは？
535,未読,2026/5/25 11:02,,ち,ペットボトルのラベル（特に紙のラベル）がうまく剝がれなかった場合もリサイクルにして大丈夫？
534,未読,2026/5/25 10:33,,みーちゃん,"たまにペットボトルが戻って来てしまう時があります。
でも同じサイズの同じ飲み物のペットボトルで片方は回収されたのにもう片方は何回入れても回収されないのはなぜですか？
特に加工はしてません。"
533,未読,2026/5/25 10:28,,ちい,まちがいやすいリサイクル品は？
532,未読,2026/5/25 10:02,,める,チラシと新聞はまとめても良いですか
531,未読,2026/5/25 9:28,,くぅママ,"風が強い日にリサイクルステーションに段ボールと雑紙を家で５キロに計量して持って行ったのですが、風にあおられ重量が安定せず暫く待ちましたが５キロにならないので諦めました。
風の影響が出ないような計量に改良は出来ないのでしょうか?"
530,未読,2026/5/25 9:28,,コアラママ,薄い小冊子についてるホッチキスの針はつけたまま 出してもいいですか？
529,未読,2026/5/25 9:24,,こじこじ,単独ではあまり量がない場合に、雑誌と新聞とチラシとかを混ぜて縛って回収に出してしまうと、どうなるんでしょうか？
528,未読,2026/5/25 9:24,,りょち♪,リサイクルされないごみは最終的にどうなりますか？
527,未読,2026/5/25 8:57,,伊藤照美,ポイント貯まるたのしいです
526,未読,2026/5/25 8:54,,kazu,"お世話になります。

個人情報が記載されている雑紙、紙類をリサイクルする際はどのようにすればよいでしょうか？

そのまま、気にせず出してもよいのでしょうか？

名前・住所の箇所をちぎってから捨てればいいのでしょうか？


そのまま捨ててよければ理想的です。


よろしくお願いします。

kazu"
525,未読,2026/5/25 8:38,,KAO,雑紙と段ボールは同じ工程を経てでリサイクルされるのでしょうか？
524,未読,2026/5/25 8:30,,蕎麦,惣菜の透明プラスチックケースや蓋に貼ってあるシールは剥がしきれなくてもリサイクルに出して大丈夫？
523,未読,2026/5/25 8:26,,母さん123,"私はリサイクル分別を頑張っております。
家族から分別しても最後は全部燃やして同じハイになるんだから分別しなくてもいいんだよ！と言われます。
分別したぶん時間の無駄は本当でしょうか？温暖化対策だと思ってやっているのに残念です。"
522,未読,2026/5/25 8:18,,はる,封筒等住所や名前入りのまま、リサイクルに出しているのですが、個人情報漏洩等ないでしょうか？雑紙のリサイクル工程が知りたいです！例えば始めにどろどろに溶かす等だと安心かなと思いました。
521,未読,2026/5/25 8:05,,ハッシー,紙おむつの材料はプラスチックが多く使われているそうですが、使用済み紙おむつのリサイクルの可能性は？
520,未読,2026/5/25 8:05,,元気,新聞は紐で括らなくてビニール袋に入れてもいいですか？
519,未読,2026/5/25 8:00,,ようこちゃん,"近所のスーパーにもリサイクルを
作ってほしいです"
518,未読,2026/5/25 7:57,,はなはな,"ガムテープの芯のような
硬い筒状のモノを分別するのに
迷うのですが…"
517,未読,2026/5/25 7:55,,あじさいにいさん,なぜ、ダンボールは雑紙にしてはいけないのですか
516,未読,2026/5/25 7:52,,ニョッキ,リサイクルに出した新聞紙などのキロ数の端数は、次回に加算されるのでしょうか?
515,未読,2026/5/25 7:43,,ラスカル,油が付いちゃった段ボールでも良いの？
514,未読,2026/5/25 7:17,,でっかいピーちゃん,ダンボールをたたまず、箱にして、そこにダンボールを畳んで入れてるのは、良いのですか？
513,未読,2026/5/25 7:04,,ナマケモノ,リサイクル製品の耐久度は同じ製品と比べて高いの？低いの？メリット、デメリットがあったら知りたい。
512,未読,2026/5/25 7:02,,ナマケモノ,リサイクルにもお金がかかると聞きました。一度にどれくらいの量をやれば、赤字は出ないのでしょうか？また、リサイクルで回収したゴミの何割が再利用できるのでしょうか？
511,未読,2026/5/25 6:59,,りかこ,ホチキスの針ってすべてとらなきゃだめですか？
510,未読,2026/5/25 6:54,,やつ,"1.プラスチックは、どこまで洗ってから出すべきですか？どのような手順でリサイクルされるのか、知ることで、どこまで汚れが付いているとダメなのか、理解でき気がします。
2.ダンボールには、セロハンテープやガムテープ、ホチキス(ステープラー)が付いていても、リサイクルできますか？
自治体によっても、やり方が違うと聞きます。私は、利府町に住んでいます。
教えてください、よろしくお願いします。"
509,未読,2026/5/25 6:51,,緑ハート,ヨーグルトやアイスの紙包装紙は  リサイクルできる？
508,未読,2026/5/25 6:43,,ku,ダンボールに付いているガムテープやシール等は剥がしてからリサイクルに出した方がいいの？
507,未読,2026/5/25 6:42,,koba,ペットボトル小さいサイズ（112ml）は回収ボックスに入れてもいいですか？
506,未読,2026/5/25 6:40,,ヤサコ,新聞紙とチラシは同じ袋に入れていいのですか？
505,未読,2026/5/25 6:30,,えー,トイレットペーパーの芯は、どうやって出せばいいの？
504,未読,2026/5/25 6:27,,ユウイチクンクン,醤油やつゆの素等の蓋を取ったときに瓶に残る、わっかの部分は取ってからリサイクルしないといけないのかな？結構取りづらいんですよね。
503,未読,2026/5/25 6:22,,びぃびぃ,怪獣みたいなキャラクターの名前と青いお腹はお腹？エプロン？服？
502,未読,2026/5/25 6:14,,おけい,濡れた衣服・布類は乾かしてから出した方がいいですか
501,未読,2026/5/25 6:10,,大豆生田恵子,濡れた衣服・布類は乾かしてから出した方がいいですか
500,未読,2026/5/25 5:44,,さとママ,"納豆のパック、綺麗にしたらリサイクルボックスに入れても良いのですか？
フタはもともと綺麗なので、そのままリサイクルボックスに入れても良いのですか？
ずーーーっと悩んでいます。教えて欲しいです。悩んでる人、多いと思います！"
499,未読,2026/5/25 5:34,,でっかいピーちゃん,まとめて縛るヒモの材質って、なんでもよいの？ダメなのあるの？
498,未読,2026/5/25 2:05,,みー,ペットボトルの蓋は資源にならないの？
497,未読,2026/5/25 0:44,,とみちゃん,1番リサイクルしやすい古紙はなんですか⁉️
496,未読,2026/5/25 0:06,,pon,牛乳パックで工作したとき余った切れ端、雑紙に入れてしまっていいのかな？
495,未読,2026/5/24 23:53,,きう,マンガはリサイクルステーションに入れていい？
494,未読,2026/5/24 23:45,,ナナコ,"蓋の取れない香水の瓶の捨て方は？
また、何ゴミですか？"
493,未読,2026/5/24 23:38,,はな,"カップ麺のカップはリサイクルの発泡スチロール？
"
492,未読,2026/5/24 23:35,,ずぼん,カップアイスの紙容器はリサイクルできないの？
491,未読,2026/5/24 23:20,,ひまわり,メモ帳は雑紙になりますか
490,未読,2026/5/24 23:04,,tom,詰め替え用の容器を捨てる際にいつも疑問に思っています。プラスチックリサイクルで中にシャンプーや洗剤が付いていても大丈夫ですか？
489,未読,2026/5/24 22:37,,ごっちゃん,シュレッダーをかけた古紙はリサイクルすることできますか。
488,未読,2026/5/24 22:03,,サムライボン,保冷剤って燃えるゴミ？
487,未読,2026/5/24 22:00,,ごまちゃん,子どもが遊びで丸めた新聞紙やチラシは丸めたままリサイクルに出していいの？　しわしわでも伸ばして出した方がいいの？
486,未読,2026/5/24 21:56,,くるっとキソ,ペットボトルのフタは、ちぎれてボトル側に残っているのに、どうしてフタは、リサイクルしてくれないの？
485,未読,2026/5/24 21:56,,こがじろう,一日何回でも搬入できますか
484,未読,2026/5/24 21:32,,ななお,ペットボトルのキャップは再利用できないの？なぜ？ペットボトル捨てるときキャップ外さなきゃいけないの？
483,未読,2026/5/24 21:00,,玲音,"我が家が住む自治体は、食用油の入っていたボトルはプラスチックゴミで出すのですが、皆さんはどの程度洗っているの？　油がちゃんと取れるまで洗剤入れて洗っているのでしょうか?
口が狭いのでスポンジやブラシが入らないし、ブラシが入ったとしても底まで届かないし…
皆さんは油の入っていたプラスチックのボトルはどうやって処理しているのか知りたいです。"
482,未読,2026/5/24 20:56,,トラジロー,ダンボール箱の綺麗なたたみ方、纏め方を教えて！
481,未読,2026/5/24 20:24,,すなっちくん,雑紙を入れる紙袋の持ち手は　プラの物でも大丈夫ですか？
480,未読,2026/5/24 19:34,,こもも,通販とかの段ボールや紙袋につく宛名などのシールってキレイに剥がれないのですが資源ゴミとしてだしても大丈夫なのでしょうか?
479,未読,2026/5/24 19:29,,リサイクルペット,リサイクルするペットは洗ってから出すのですか？何にリサイクルされるのですか？仕組みが知りたいです。
478,未読,2026/5/24 19:05,,ともちゃん,雑紙や段ボールは、どのようにして出すのが１番良い？
477,未読,2026/5/24 18:59,,げん,レシートはリサイクルできる？
476,未読,2026/5/24 18:55,,けいち,ペットボトルは、リサイクル利用ポイントにカウントされないのですか⁉️
475,未読,2026/5/24 18:23,,はるママ,贈答用素麺はいってる木箱、発泡スチロールはゴミ？リサイクルですか？
474,未読,2026/5/24 18:10,,てん,"雑紙にホチキスの針が付いてたら、外したほうがいいの？
もし、ホチキスの針が付いていた場合はどうなるの？"
473,未読,2026/5/24 18:04,,ズーズー,"みかん箱についている金具は取らないと駄目？
なかなか取れなくて困ってます。"
472,未読,2026/5/24 17:29,,おかも,封筒の宛名のセロハンをはがしたらリサイクルに出せますか？
471,未読,2026/5/24 17:20,,ヤスやす,日本以外でも分別やリサイクルってしてるのかな?
470,未読,2026/5/24 16:59,,クローバー,ペットボトルを洗っても落ちない着色（ぶどうジュースなど）は洗えばリサイクルしてもらえるの？
469,未読,2026/5/24 16:45,,くろかみ,"1面写真の年賀状はリサイクルできますか


"
468,未読,2026/5/24 16:35,,M,洗ったペットボトルは中が濡れたままゴミに出していいの？
467,未読,2026/5/24 16:31,,ちろママ,紙パックの飲み物の、ストロー袋は「プラスチック」でストローは違います。ストローをさっと洗い、水気を切って一緒に出していますが、駄目でしょうか?
466,未読,2026/5/24 16:24,,ごみこ,ガラス瓶をリサイクルに出す時、色付きと透明を分ける必要ありますか?
465,未読,2026/5/24 16:12,,ちろママ,瓶等に貼ってあるラベルが簡単に剥がせた時などは裏側がベタベタだったりし、「紙」として出して良いのでしょうか？
464,未読,2026/5/24 16:08,,まめちゃん,"封筒の中ビニールはそのまま
紙リサイクルに入れてもいいですか"
463,未読,2026/5/24 15:32,,とんとんちゃん,"蒸し焼きそばなどの油まみれの包材はプラゴミとして出せるのでしょうか。
これまで燃えるゴミにしていました。"
462,未読,2026/5/24 15:00,,ちこ,1カ月のリサイクルミッションで、15キロをこえたとき、自動的に、翌月に繰越は、だめですか
461,未読,2026/5/24 14:54,,こへちゃん,最初にリサイクルされたものは何ですか？
460,未読,2026/5/24 14:51,,まんちき,雑紙と雑誌を同じコンテナに捨てる場合、雑紙と雑紙を一緒に縛ったり梱包しても大丈夫ですか？
459,未読,2026/5/24 14:47,,ともりん,ペットボトルのリサイクル率は何パーセントですか？
458,未読,2026/5/24 14:38,,Nokonoko,"シュレッダーで細かくなった紙は、紙袋にでも入れて
リサイクルに出せるのでしょうか？？
"
457,未読,2026/5/24 14:09,,ちょこ犬,レシートはリサイクルできますか？
456,未読,2026/5/24 13:31,,カラバ侯爵,レシートとシール台紙は、可燃ゴミですか？それとも雑紙に出せますか？
455,未読,2026/5/24 13:14,,あけみん,"ネット通販で送られてくる荷物の梱包材の紙はリサイクルできるのでしょうか？
ペラペラの薄い紙は不可とのことですが、可能かどうかの判断にいつも迷います。"
454,未読,2026/5/24 13:03,,ぱくちゃん,ダンボール製の猫の爪とぎは、使い終わったらそのままリサイクルできますか？
453,未読,2026/5/24 12:48,,いちご88,他県から引っ越してきてアルミ缶とスチール缶を分けなくて良いのはどうしてですか？
452,未読,2026/5/24 12:45,,いちご88,"段ボールをまとめる紐はなんでもいいか？
"
451,未読,2026/5/24 12:40,,ちろママ,瓶に貼ってあるラベルが「紙」となっていても、なかなか綺麗に剥がせません。どうしたら上手く出来ますか？
450,未読,2026/5/24 12:18,,タキュ,プラスチックリサイクルはナフサの節約に繋がりますか。
449,未読,2026/5/24 11:46,,もっちり,シュレッダーした紙はリサイクルできないのかな？たくさん出るしリサイクルできたら嬉しい！
448,未読,2026/5/24 11:34,,Momo,ペットボトルは、洗ってから、つぶした方がいいの?
447,未読,2026/5/24 11:26,,みみちょろ,"古紙が海外向けに高額で売れると聞きました。
本当ですか？"
446,未読,2026/5/24 10:50,,くーさん,使用済みのノートは紙のリサイクルになりますか？
445,未読,2026/5/24 10:46,,ちこちゃん,薄いカタログや冊子、雑誌として出すかチラシとして出すか迷います。
444,未読,2026/5/24 10:20,,みかん,リサイクルに出す時、新聞紙と広告紙は別々に分けて束ねたほうが、リサイクルしてくださる方にとってよいのでしょうか?　リサイクルしていただくので、出す側も受ける側も気持ちよくできれば、リサイクルの意味があると思います。
443,未読,2026/5/24 10:15,,あけみ,昔主流だった瓶のジュースと今主流のペットボトルのジュースだと、どっちがエコロジーな素材なんですか？
442,未読,2026/5/24 10:05,,おかつ,"トイレペーパーの芯のスマートなまとめ方、皆さんどうしてますか？
そのままだと、かさばりひとつひとつ折るのは手間がかかります。"
441,未読,2026/5/24 9:33,,と,カタログなどのホチキスは取ったほうが良いのでしょうか？
440,未読,2026/5/24 9:32,,あ,レシートは雑がみで出していいのですか？
439,未読,2026/5/24 9:31,,段▪ぼる太,段ボールを捨てる時、テープはどの程度まで剥がさなくても良いですか？
438,未読,2026/5/24 9:31,,まめ,ダンボールのテープは剥がしたほうがいい？
437,未読,2026/5/24 9:20,,ぷよん,雑紙を紙袋に入れてリサイクルに持って行きますが、結ぶ紐はスズランテープでもいいのですか？
436,未読,2026/5/24 9:11,,りさぽん,なぜ、アルミ缶リサイクルするお店がない叉は少ないの？
435,未読,2026/5/24 9:07,,りん,ペットボトルの蓋は、なにに変わるの？
434,未読,2026/5/24 9:05,,うさちゃん,レシートはどうしてリサイクルできないのですか?
433,未読,2026/5/24 8:58,,のん,歯磨き粉の箱のようなビニール？が上に張ってあるものは雑紙になりますか？
432,未読,2026/5/24 8:30,,かおりん,トイレットペーパー1個は、新聞紙何キロでしょうか?
431,未読,2026/5/24 8:27,,なんば,ダンボールと紙はどうやって見分けるの？ダンボールのマークなどが表示されていないと、わからないものがある。
430,未読,2026/5/24 8:21,,ブンブン,リサイクルで貯まったポイントをナナコポイントにかえたりしてますが、ぐるっとポンの運用は十分余裕があるのでしょうか。
429,未読,2026/5/24 8:10,,Ryoちん,"ペットボトル回収機は何故にかなりの頻度で入らず戻ってきてしまうのか？一発でスムーズに回収できる裏技が知りたい。
ペットボトルの固さは、リサイクルされる物に変化を与えるのか？"
428,未読,2026/5/24 7:59,,トヨベ,"発火の原因となっているリチウム電池について教えて下さい。
充電するタイプがにリチウム電池が使われているのですか？
どんな形ですか？
リチウム電池と表記されていますか？
あまり触った事ないのでよくわかりません。教えて下さい。"
427,未読,2026/5/24 7:52,,りさ,新聞や広告にはリサイクルの紙は使われないのですか？
426,未読,2026/5/24 7:49,,たーちゃん,ペットボトルのキャップリングは、リサイクルされる時に選別されるの？
425,未読,2026/5/24 7:24,,たかちゃん,アルバムに糊で貼り付いている写真(印画紙)は、写真を剥がさないと駄目なの？
424,未読,2026/5/24 7:21,,たかちゃん,ホッチキスで留めてある雑紙は、そのまま出して良いの？
423,未読,2026/5/24 7:14,,ずんだ,"調味料の入れ物も
ペットボトルリサイクル機に入れて良いのですか？"
422,未読,2026/5/24 7:09,,はる,カップ麺の容器ですが紙と表示になってるものでも洗ってキレイにならないものは燃えるごみにしてしまいます。紙としてリサイクルしたいのですがやめた方がよいですか?
421,未読,2026/5/24 7:08,,でこすけ,"ヨークベニマル水戸吉田店のリサイクルステーションを利用しています
投入口の手前の柵が高いので、空きが多いときは皆さん奥に入れるために投げ入れることが多いみたいです
倒れたり斜めになるので、次の人も適当に置く…
そして段々めちゃくちゃに…
もう少し入り口が低いか、開いている所があれば皆さんちゃんと積み重ねる気がします"
420,未読,2026/5/24 7:05,,はる,サラダ油のボトル容器はリサイクルに出さずに燃えるごみにだした方がよいですか
419,未読,2026/5/24 7:03,,ててと,トマトジュースの紙パック等 きれいに洗っても色が残ってしまうものはリサイクルには出せないでしょうか？（汚れと見なされるかもしれないと思い、可燃ゴミとして捨てています）
418,未読,2026/5/24 6:54,,わんくん,レシートはリサイクル出来ないの？
417,未読,2026/5/24 6:52,,ロッキー,"ベットボトルのラベルは
なぜ剥がさないと
いけないのですが？"
416,未読,2026/5/24 6:50,,白猫隊,    なぜペットボトルのラベルははがして捨てるのでしょうか？
415,未読,2026/5/24 6:49,,やっこ,ペットボトルのキャップは再利用出来ますか？
414,未読,2026/5/24 6:37,,どんくん,封筒の宛名が見える透明部分は切り取ってリサイクルできるか?
413,未読,2026/5/24 6:36,,なみ,包装でよく使われている、薄い段ボール状に加工された、紙質は普通の箱と同じ物は紙ゴミとして出していいのですよね？
412,未読,2026/5/24 6:34,,せるぴ～,ヨーグルトや飲むヨーグルトの紙カップは牛乳パックのリサイクルBOXに入れて良いのでしょうか？
411,未読,2026/5/24 6:12,,ぽんたた,段ボールに付いているガムテープは剥がした方が良いいの？
410,未読,2026/5/24 6:00,,ごきち,裏がツルツルした包装紙はリサイクルできますか？
409,未読,2026/5/24 5:51,,もも,ペットボトルのふたは、リサイクル出来ないの？
408,未読,2026/5/24 5:46,,ユージ,付箋がたくさん貼ってあるノート、ルーズリーフは、そのままリサイクルに出しても、大丈夫ですか？
407,未読,2026/5/24 5:42,,たぼ,全国の古紙、段ボール等の年間のリサイクル量はどれくらいでしょうか。
406,未読,2026/5/24 5:42,,Momo,"牛乳パックはOKなのに、ヨーグルト、アイスの容器は対象外なのは何故?
同じように見えるけど……"
405,未読,2026/5/24 5:41,,たまちゃん,何故レシートはリサイクルできないの❓
404,未読,2026/5/24 5:11,,よしみん,"子供が練習で書いた習字の半紙とかも、リサイクル出来るの？
汚れものに入るのかな？"
403,未読,2026/5/24 5:09,,おおばちゃん,プラスチックとペットボトルを分けて回収するのはどうして?
402,未読,2026/5/24 5:09,,ちっち,レシートはなぜ雑紙に出せないのですか
401,未読,2026/5/24 5:07,,ハッシー,プラスチックゴミをナフサにもどすことはできますか？コストを考えなければ技術的に可能なのでしょうか？
400,未読,2026/5/24 4:55,,朝陽,お酒の紙パックも、注ぎ口を切り取れば、牛乳パックと同じようにリサイクルできますか?
399,未読,2026/5/24 4:44,,けーこ,レシートを雑誌類に挟んでリサイクルに出してるけれど大丈夫なのでしょうか？
398,未読,2026/5/24 4:16,,よっしー,リサイクルは、紙類は何でもいいのか？
397,未読,2026/5/24 3:01,,おう,アルミ缶はリサイクル出来るけどスチール缶はなぜ駄目なのか?
396,未読,2026/5/24 1:09,,はち,小さな雑紙は封筒に入れて出すと言いますが、サイズはどのくらいでも大丈夫ですか？
395,未読,2026/5/24 1:04,,あ～ちゃん,新聞も段ボールも同じ扱いですか
394,未読,2026/5/24 0:39,,けーさん,紙吹雪やシュレッダーなどにかけた紙など細かい紙はどのように出せばよいのですか？
393,未読,2026/5/23 23:39,,tuntan,ドレッシングの容器は洗えばリサイクルペットボトルにだしていいの？
392,未読,2026/5/23 22:51,,リサイクル,リサイクルが全ていい風潮は分かりますが、本当にいいのでしょうか。リサイクルのデメリット、困ること、困っていることはないのでしょうか。本質を知りたいです。
391,未読,2026/5/23 22:32,,フーミン,包装紙に付いているセロテープや段ボールのガムテープって綺麗に取らないと駄目なのかな？
390,未読,2026/5/23 22:18,,みい子,牛乳パック部分にプラスチックのキャップが付いているのは出して大丈夫？
389,未読,2026/5/23 21:53,,ぱくちゃん,ダンボールについているガムテープは、はがさないとダメなの？
388,未読,2026/5/23 21:29,,ぴあ ,"今日、マウスウォッシュが無くなりボトル、キャップ、ラベル、全てプラでした。
この場合ラベルは剥がさないでもよい？
キャップは外してゴミ袋に入れたほうがよい？
ガサを減らすためにボトルの中にプラゴミを入れてもよい？"
387,未読,2026/5/23 21:03,,まえだまる,"プリントなどを綴じているホチキスの針、外して出しています。大量だと結構な手間だし、外すのは痛いこともあります。雑誌やパンフレットはそのまま出していますが、プリントのホチキスも取らなくても良いですか？
ホチキスの針を取るのは痛くて面倒なので私は針の周辺を小さく破ってホチキス部分をゴミにまわしています。"
386,未読,2026/5/23 20:55,,がんちやん,牛乳パックのリサイクルできるのは、理解してますが、お酒パックや焼酎のパックはリサイクルできますか⁉️
385,未読,2026/5/23 20:46,,みーさん,ジュース類の紙パックはリサイクルステーションに入れてもいいのですか？
384,未読,2026/5/23 20:37,,みーさん,ジュース類の紙パックはリサイクルステーションに入れてもいいのですか？
383,未読,2026/5/23 20:31,,W100,リサイクルでプラスチックをナフサに戻す方法はありますか？
382,未読,2026/5/23 20:26,,たかちゃん,私がリサイクルに出しているスーパー前には現在紙類のみになっていますが、ペットボトルのリサイクルがなくなってしまったのが残念でなりません。もう復活はないのでしょうか？
381,未読,2026/5/23 20:22,,しずかちゃん,雑紙類の中に間違えてリサイクル出来ない紙類を入れてしまったら、どうなるんですか？
380,未読,2026/5/23 20:07,,ぴんこ,コピー用紙の包装紙でツルツルしているものは、リサイクル可能でしょうか？
379,未読,2026/5/23 20:05,,ゆきたつ,瓶のリサイクルはしないの？
378,未読,2026/5/23 19:45,,のん,"リサイクルの機械を利用させて頂く際にカードをかざしてからピンポ～ンとなりやり直しになってしまうことが各お店であるのですが、
どのようにしたら最初からやり直しにならないですか？"
377,未読,2026/5/23 19:41,,waasan,ビニールが貼り付けてある窓付き封筒はそのままリサイクルできますか？今は窓部分を切って外しています
376,未読,2026/5/23 19:38,,カイン,シュレッダーした紙もリサイクル可と見かけましたが、どのような物になるのでしょうか?
375,未読,2026/5/23 19:35,,のん,プラスチックマークにアルファべットが記載しているものがある(漢方薬の袋や薬シートなど)が書いてあるとないのでは資源ゴミと区別が違うの？何の意味か教えて頂きたいです。
374,未読,2026/5/23 19:24,,ランナーず,牛乳の紙パックは紙ゴミ？
373,未読,2026/5/23 19:01,,ぽんたろう,"ダンボールの梱包用のテープは剥がした方が良いのか？
(紙テープ以外ビニール素材等)"
372,未読,2026/5/23 18:50,,はち,名前や住所が入った紙などもそのままリサイクルに出しても安全ですか？
371,未読,2026/5/23 18:40,,はち,"サラダ油のプラボトルはリサイクルできるの？
できるなら、どうやって出したらいいの？"
370,未読,2026/5/23 18:38,,大安吉日,プラスチックゴミはシールが上手く剥がさなくてもプラスチックゴミとして出せますか？
369,未読,2026/5/23 18:37,,はち,圧着されている葉書やダイレクトメールはリサイクルできるの？
368,未読,2026/5/23 18:35,,しずぴょん,"えんぴつや、ボールペンで書いた紙はリサイクルに出しても良いのですか？
また、インク類（ボールペン、サインペン、絵の具など）で、出してダメなものを教えて欲しいです。"
367,未読,2026/5/23 17:59,,あさちゃん,ダンボールのガムテープや金具は取りきれなくてもリサイクルに出せますか？
366,未読,2026/5/23 17:28,,ちろママ,"綿100%セーターは資源ごみ（布類、布製品）になるのか？
"
365,未読,2026/5/23 17:27,,猫たま,ラップの芯は、段ボールと一緒にリサイクルされるのでしょうか？
364,未読,2026/5/23 17:13,,さっちゃん,ポイントは寄付をしているんですが、植林活動へ寄付以外にないでしょうか?こども食堂など他にも寄付できるところを作ってほしいです。
363,未読,2026/5/23 17:13,,直江兼続,ダイレクトメールの窓付きのセロハンはそままでも大丈夫なんですかね？
362,未読,2026/5/23 16:40,,モンチッチ,郡山市のゴミ回収では、しょうゆや麺つゆなどのペットボトルはきれいにすればペットボトルとして出してよいようですが、こちらの回収も同じでもよいのですか？そして、それらのものはきれいにみえても匂いが落ちていないですが、それでもリサイクルできるのですか？
361,未読,2026/5/23 16:25,,さっちゃん,"実家に分厚い電話帳が何冊かありますが、以前リサイクルは出来ないと聞いたような気がします。
やはり雑誌類では出せないでしょうか？"
360,未読,2026/5/23 16:21,,マック,お酒や豆乳には紙のリサイクルマークがありますが、内側の銀色は大丈夫なの？
359,未読,2026/5/23 16:04,,えばちゃん,粉洗剤の空箱はリサイクル可能ですか？
358,未読,2026/5/23 15:56,,2児の母,どのくらいペットボトルを持っていて500ミリリットルのペットボトルになるのか
357,未読,2026/5/23 15:53,,茶太郎,場所によって、小さなペットボトルや取っ手付の大きめのペットボトルがNGとなっている事があるのですが、機械の精度の差なのでしょうか？
356,未読,2026/5/23 15:50,,みきぷう,ミカン等の重いものが入った段ボールは、段ボールの底が金属で留められていることがあります。その金属がついたまま、段ボールをリサイクルに出しても問題ないですか？
355,未読,2026/5/23 15:48,,なばな,紙ひもは、元々古紙で作られているの？もし、新聞をまとめる時には紙ひもを使った方が、リサイクルに再度回すことが出来るって考えて間違いないかな？
354,未読,2026/5/23 15:44,,みきぷう,お歳暮などで飲料をもらったときの箱が、断面にはナミナミに紙が挟まっていて薄い段ボールのような感じだけど、表面はツルツルした印刷紙の材質です。この場合は、リサイクルの区分は段ボールなのか、雑紙なのか、迷ってしまいます。どちらにするのが正しいのでしょうか？
353,未読,2026/5/23 15:42,,くじら雲,紙でもリサイクルにならないものがあるそうですが、どんな紙がダメなんでしょうか。
352,未読,2026/5/23 15:16,,ネコ,"スーパー店頭に有る回収容器で、
卵パックや黒のプラスチック容器を回収しないと言うスーパー
有りますが、
販売してるなら
回収して下さい"
351,未読,2026/5/23 15:07,,ペカス,"新聞に挟まって届くチラシは、
リサイクルに出す時に
『新聞紙』と『紙類』別々にわけるべき？
昔から一緒に出してしまってる。"
350,未読,2026/5/23 15:05,,納豆娘,"宅配便の緩衝材として入っている紙は
古紙と一緒に畳んで束ねてリサイクルしても問題ないですか?"
349,未読,2026/5/23 14:28,,あっくん,古本で、表紙がすごく固い本はリサイクルできますか。
348,未読,2026/5/23 14:22,,やすヤス,子どもたちの学校で使ったノートもリサイクルに出せる?蛍光ペンやマジックで書いたりシールや修正テープ付箋紙等が使ってあっても大丈夫?
347,未読,2026/5/23 14:19,,satosato,横浜ではプラスチックを資源ゴミで回収しているのに、茨城県では燃えるゴミに混ぜて一緒に出すのは、何故？
346,未読,2026/5/23 13:53,,ミドリ,お惣菜パックに貼ってあるラベルは綺麗に剥がさないとダメ？もし残っていたらリサイクルされなくなる？
345,未読,2026/5/23 13:53,,たけちゃん,紙をリサイクルする時、包装紙に付いてるビニールテープは取り除いたほうがいいのか
344,未読,2026/5/23 13:42,,ゆう,宅配便で受け取ったダンボールには、感熱紙のような宅配会社が貼った(行き先を数字や記号で記した)シールが貼ってあります。剥がして出すようにしていますが、剥がさない人もいるような気がします。混ざってしまったらリサイクルに支障があるのでしょうか。
343,未読,2026/5/23 13:38,,チェックのワンピース,辞書は雑紙、雑紙に出せますか？
342,未読,2026/5/23 13:14,,ひなだいママ,リサイクルされたもので一番売れているものは？
341,未読,2026/5/23 13:06,,みーさん,"ヨーグルトのカップは紙リサイクルの表示があるのに、ぐるっとぽん情報によると、紙ごみに出せないということですが、どうして？
"
340,未読,2026/5/23 13:04,,こもも,トイレットペーパーの芯を段ボールにギュウギュウにつめてるリサイクルBOXに出してるのですか、その出し方で大丈夫ですか？正しい出し方があれば知りたいです。
339,未読,2026/5/23 13:02,,みりん,ペットボトルもぐるっとポンのキロ数に加算しては？？
338,未読,2026/5/23 12:51,,かんなん,ダンボールのリサイクル率
337,未読,2026/5/23 12:17,,みたむら,紙パックの開き方で底の部分をきちんと開く説明と、ハサミで辺に沿って切り分ければいいという説明とあり、どっちでもいいのか？と迷う。
336,未読,2026/5/23 11:52,,しらす,R-1やLG-21の容器のような、小さいボトルもペットボトルとして出してもいいの？
335,未読,2026/5/23 11:50,,トラさん,"包装紙は、リサイクル可能でしょうか？

"
334,未読,2026/5/23 11:39,,まこ,ペットボトルつぶれてるのはだめでしょうか?
333,未読,2026/5/23 11:29,,ぽんぽん,シングルのトイレットペーパー1個作るのに、どれ位の紙が必要ですか？
332,未読,2026/5/23 11:27,,ぽんぽん,段ボールのガムテープは頑張っても剥がせない場合、リサイクルは出来ないですか？
331,未読,2026/5/23 11:26,,ぽんぽん,スーパーで買ったトレイを包んでいるラップはきれいなら、値札シールは剥がさなくてもリサイクルできますか？
330,未読,2026/5/23 11:18,,こもも,箱ティシュの口の所のビニールって外さなくても大丈夫ですか？
329,未読,2026/5/23 11:08,,みーママ,レシートは雑紙に入りますか？
328,未読,2026/5/23 11:07,,もと,買い物した時の外装袋にリサイクルのプラマークが付いていない場合がありますが、素材は似たように見えるのに、何が違うのでしょうか？
327,未読,2026/5/23 11:06,,ドリーム,ペットボトルの蓋を集めてリサイクルみたいな学校での活動あったんだけど、回収してないのはもう昔のエコ活動だからですか？
326,未読,2026/5/23 11:05,,ひなた,"最近、牛乳パックの資源ゴミ箱がなく、困っています。
牛乳パックは、紐でまとめるなどすれば、雑紙として出してよろしいでしょうか？"
325,未読,2026/5/23 11:03,,アスラン,お惣菜など、バーコードや値引きシールをキレイに剥がせなかったプラはそのままリサイクルに出してもいいのでしょうか？
324,未読,2026/5/23 10:47,,うぃっく,ビニール袋はプラスチックとしてリサイクルできるのですか？
323,未読,2026/5/23 10:46,,カリンコ,リサイクルされた物はどこに運ばれて何日くらいで新たな資源に生まれ変わっていますか？
322,未読,2026/5/23 10:31,,ビコ猫,最近ゴミの出し方の分別する種類が増えすぎえて、それぞれ出す曜日が違うから慣れるまで間違えそう。
321,未読,2026/5/23 10:29,,ゆら,"元々、製品を作る時にリサイクル出来る事を知って作ってたの？

エコにもなるし、良い事だらけに思うけど
デメリットもあるの？"
320,未読,2026/5/23 10:23,,猫,勤務先では毎日１トン以上の段ボールが廃棄されており、それを見る度に、グルットポンに持ち込めば、ゴールドランクは勿論「年間ランキング１位は間違い無し」と思ってます。でも物価高で、移送するガソリン代の方が高く成ると推測します。グルットポンは段ボール引き取りサービスを行ってますか❓️
319,未読,2026/5/23 10:21,,あみこ,薬の包装品でいつも悩むのですが…透明部分はプラ？シート部分はアルミ？剥がして分けるなんて難しすぎるし…
318,未読,2026/5/23 10:20,,ぱぴるす,ギフトボックスなどの外側がカラー印刷で内側が段ボール状のものは雑紙？それとも段ボール？
317,未読,2026/5/23 10:16,,ちょこまち,封筒に窓のあるものがあります。セロファンやビニール様の物が貼られていますが、そのまま雑紙でいい？その部分、切り取った方がいい？
316,未読,2026/5/23 10:13,,あぶさん,酒よく飲んでますが、酒パックは何ゴミが正解ですか？開けてだす？燃えるゴミ？
315,未読,2026/5/23 10:12,,だんのん,"古紙回収では、新聞紙や包装紙を畳んだ物を出していました。
メモ用紙やハガキくらいの小さい紙も出していいですか？
紙袋に入れればいいですか？
圧着ハガキやレシートは出してはいけないと理解しています。"
314,未読,2026/5/23 10:12,,コマ,封筒とかで、窓付きのものは、リサイクルの紙に入れていいの？
313,未読,2026/5/23 9:56,,あざみ,窓付き封筒のビニール部分が、うまくはがれません。どうするといいですか。
312,未読,2026/5/23 9:51,,うるる,ダンボールや菓子折りに付いているテープ類は完全に剥がした方がいいの？
311,未読,2026/5/23 9:26,,ハナ,レシートは紙のようで紙ではない？
310,未読,2026/5/23 9:14,,フニャモン,メール便で届くペラペラの紙。あれは雑紙リサイクル出来ますか？
309,未読,2026/5/23 9:13,,ナマケモノ,捨てちゃうボールペンとかの金属部分はリサイクルできないんですか？できるとしたら、どのような場所に持って行けばいいですか？
308,未読,2026/5/23 9:10,,ナマケモノ,たまに付いている段ボールの金属の留め具は外さなくていいの？
307,未読,2026/5/23 9:02,,くぅ,"プラスチック容器に紙のシールが貼ってありリサイクルに出す為シールを剥がす時
うまく剥がれずシールが残ったままリサイクルに出して良いのでしょうか?"
306,未読,2026/5/23 9:01,,空,線香や洗剤など香料が強い紙類は燃やすゴミに出しますが、香り付きのトイレットペーパーの芯はどうですか？
305,未読,2026/5/23 8:57,,ぐるりん,子どもが、学校で使用（鉛筆で書き込んだ）したノートってリサイクルできるの？
304,未読,2026/5/23 8:54,,秋田の帝王,ヨーグルトの小さなボトルもカウントされるでしょうか？
303,未読,2026/5/23 8:51,,aiolos,ペットボトルのキャップを外した後に残るプラスチックは残したままですが、どのように分別されるのでしょうか？
302,未読,2026/5/23 8:44,,そらえ,新聞、チラシに雑がみを混ぜてもいいの？
301,未読,2026/5/23 8:37,,えー,取っ手がついてるペットボトルは、リサイクルに出せないの？
300,未読,2026/5/23 8:29,,からす,　封筒のフィルムが貼ってある部分に半透明のものがあるけど、リサイクルに出していいんですか？破くと紙っぽいので。
299,未読,2026/5/23 8:20,,ゆう,"ラップやキッチンペーパーの芯はどういうふうにまとめればいいですか？
"
298,未読,2026/5/23 8:19,,たかち,"印刷された段ボールの仕分けは段ボール？
紙ごみ⁇"
297,未読,2026/5/23 7:58,,わんくん,雑誌などの金具がついたままで大丈夫なのはなぜ
296,未読,2026/5/23 7:46,,わたまま,リサイクル工場の見学体験は、行くことができる？
295,未読,2026/5/23 7:44,,くろにゃん,"リサイクルといえばトイレットペーパー
でも新規に作るのと、リサイクルで作るのは費用がどれだけ違うのでしょうか"
294,未読,2026/5/23 7:42,,にこ,"裏側がシール状になっているものは雑紙扱いで良いのでしょうか？
くっつく面を張り合わせて出しています"
293,未読,2026/5/23 7:39,,ひろくま,広報や郵便でくるチラシは新聞と一緒にいれるか雑紙に入れるか？
292,未読,2026/5/23 7:32,,にゃんこ,紙マークが付いていてもリサイクルに適さないものもあるとか。ラップの外箱、アイスの外箱、箔押のあるお菓子の外箱は、リサイクルステーションにだせますか？
291,未読,2026/5/23 7:30,,頑張ってます,缶詰缶やアルミなどの金属は回収しないの？
290,未読,2026/5/23 7:27,,みわこ,"お葬式でたくさんいただいた香典の名前金額入りののし袋は、古紙で出して良いか
"
289,未読,2026/5/23 7:17,,けやき,"新聞紙や段ボールをまとめるのにビニール紐を使っていますが、リサイクルに支障ないのですか?




"
288,未読,2026/5/23 7:16,,mya-,"ペットボトルの捨て方についての疑問です。
自治体によって捨て方がちがいます。
Ａ市：そのまま捨てる。
Ｂ市：ラベルを剥がして、ラベル、キャップ、ペットボトルを別べつに分類して捨てる。
この違いはなぜ生まれるのでしょうか。ゴミ処理設備の違い？資源としての有効活用度の違い？"
287,未読,2026/5/23 7:12,,リノア,オロナミンC等の、金属とプラスチックが接着されている蓋は、どのように処分されているのか？あるいは、普段どの種類のゴミで出せばいいのか？教えてください。
286,未読,2026/5/23 7:10,,さこね,"雑紙で祝儀袋など出せると有りますが、そこに書かれた住所や名前が悪用されないか心配で出せません。

ごみに出し辛くってに溜まっているのですが、マジックなどで塗り潰して出せばいいでしょうか？"
285,未読,2026/5/23 6:42,,コーヒー豆,レシートは、なぜリサイクルに使用できないのでしょうか
284,未読,2026/5/23 6:32,,ヒロリン,年間どれくらいのリサイクルが持ち込まれているの？
283,未読,2026/5/23 6:25,,きい,トイレットペーパーの芯やお菓子の箱など小さめの紙ゴミをまとめて出す時、ビニール袋に入れて出してもいいのかな？紙袋がない時があるので。
282,未読,2026/5/23 6:22,,いちごママ,白色トレーをプラスチックと分別するのはなぜですか？
281,未読,2026/5/23 6:17,,なおたろう,ラップの芯のような固い紙もリサイクルできますか？
280,未読,2026/5/23 6:14,,よっくん,実際にリサイクルされて、使われるまでにはどのくらいの時間がかかるのでしょうか？
279,未読,2026/5/23 6:10,,ははこと,"先日、いつものスーパーで牛乳パックをリサイクルしようとしたら、「行政の指示に従って回収日にゴミステーションに出して下さい。」と定員さんに言われました。いつから変わった？
地域によって出来ないリサイクル品はあるの？"
278,未読,2026/5/23 6:09,,hiro2027,ペットボトル回収機って、なんで故障ばっかりしてるのでしょうか。
277,未読,2026/5/23 5:58,,ろふ,ダンボールの質が海外と比べ抜群にいいのは何故？
276,未読,2026/5/23 5:53,,くりぼー,ペットボトルのキャップも出していいの？
275,未読,2026/5/23 5:49,,ろく,日本は世界とくらべてどーなんだろか？
274,未読,2026/5/23 5:42,,とあんこ。,子供が学校から配布されるプリントやコピー用紙（再生紙）でのミニテストなど、個人名が記載されているものは見えなくしたらリサイクルに出しても構わないのでしょうか？沢山あるけどいつも躊躇してます。先生からの丸付けのインクはリサイクル不可能ですか？
273,未読,2026/5/23 5:37,,りけ,"幼稚園や保育園でお野菜や水遊びをする時にペットボトルを持ってきて下さいと言われます。その時に子供が自分のものとわかるようにペットボトルに油性ペンで大きく名前を書いたり、アンパンマンなどの絵を書いたりしますが、そのペットボトルは何ゴミになりますか？
ペットボトルとしてゴミに出してよいのか、汚れているので燃えるゴミで出すのか・・・？
教えて下さい！"
272,未読,2026/5/23 5:30,,わに君,"石鹸の箱等香りのあるものはリサイクル不可と知ってショックでした
匂い付きトイレットペーパーの芯とかずっとリサイクルに出してました知らないで出してるものいっぱいありそう簡単に見分ける方法を知りたいです"
271,未読,2026/5/23 5:29,,こがじろう,集められた物は輸出していますか
270,未読,2026/5/23 5:22,,たんたん,今いちばんリサイクル需要が高い素材はなんですか？
269,未読,2026/5/23 5:21,,えりちゃん,段ボールに貼られていた粘着テープはキレイにはがしたほうがいいのでしょうか?
268,未読,2026/5/23 5:20,,Strawberry,プルタブとかペットボトルのキャップは回収しないの？
267,未読,2026/5/23 5:17,,ポンすけ,ダンボールに貼られたテープ類ははがした方がいい？
266,未読,2026/5/23 5:16,,ノン,"段ボールの硬い針金みたいなものやプリントに付いているホチキスは外してから出した方がいいのですか？
"
265,未読,2026/5/23 5:07,,みっちい60,ゴミ出しの分別方についてです。不要な剪定はさみや外側がプラスチック加工されてる水筒は燃えないゴミとして出してどうして駄目なんですか？
264,未読,2026/5/23 4:53,,よもぎもち,"段ボールに貼ってある運送会社のシールやガムテープは全部剥がした方がいいですか？
基準があれば知りたいです！"
263,未読,2026/5/23 4:45,,ごーるでん,窓あき封筒で、リサイクルできるのと、できないのがあるの？
262,未読,2026/5/23 4:37,,絵描きのシュウ,レジのゴミ袋削減で、実際どのくらいの環境対策効果があったの？
261,未読,2026/5/23 4:32,,絵描きのシュウ,プラごみからナフサを取り出せないの？
260,未読,2026/5/23 4:29,,ジーコン,ペットボトル表面に残ってしまうラベルの粘着物や、プラの容器に貼ってあるシールをどこまでキレイにすれば良いのか気になっています。教えてください。
259,未読,2026/5/23 4:25,,みどさん,"ダンボールをリサイクルに出す時に１つの箱の中に他のダンボールを折り畳んで詰め込んた状態で出しても大丈夫ですか⁈

現在は全て折り畳んでからヒモで縛ってますが、ヒモがない時があります"
258,未読,2026/5/23 4:10,,井,リサイクルステーションは沢山のスーパーに設置されておりますが、ぐるっとポンの対象スーパーはどのくらい有りますか？またぐるっとポン以外のリサイクルステーションと連携はされていますか？
257,未読,2026/5/23 3:50,,マダムちゃん,お酒の2リットルパックなどは、どのように分別すれば良いですか？
256,未読,2026/5/23 2:03,,ふーさん,ペットボトルのキャップは資源ゴミではないのか？
255,未読,2026/5/23 1:44,,わこ,以前別のサイトで、金色を使った紙はリサイクルに向いていないとありましたが、それは本当ですか？？
254,未読,2026/5/23 1:33,,チョコ,髪質に合わなかったシャンプーやリンスの中身は どうやって捨てるの？
253,未読,2026/5/23 1:23,,メリぴー,リサイクルされたトイレットペーパーで、目や口を拭いても害はないですか？問題ないのでしょうか？
252,未読,2026/5/23 1:17,,ニャンニャン,オロナミンCの梱包紙は雑紙？
251,未読,2026/5/23 1:10,,ぷーこ,ペットボトルの蓋の下のプラスチック部分が付いていると思いますが、簡単に取れる方法を教えてください
250,未読,2026/5/23 0:32,,えま,リサイクルされるものは、最短で何に変わるんですか？物によっても違うと思いますが、1番早く何が何に変わるものなのかしりたいです
249,未読,2026/5/23 0:07,,春風,"【質問１】
子供の前学年で使用した教科書やノート(氏名は切離したもの)や辞典は、リサイクルの類に該当しますか？

【質問２】
牛乳パックは洗って開いて、まとめてリサイクル♻️に出しているのですが
それより小さめの500mlの飲料パックも
同様に一緒に出せますか？

"
248,未読,2026/5/22 23:22,,カリン,圧着程ではなく、外枠一周分が糊付けされているタイプの、A4サイズくらいのダイレクトメールがよく届くのですが、この糊付けの部分はどうすれば良いのか毎回悩みます…。
247,未読,2026/5/22 22:57,,ドリーム,牛乳パック切るのめんどさいなと思うんだけど、ただつぶしてのリサイクルはできないのー？
246,未読,2026/5/22 22:42,,ゆきちゃん,牛乳パックのリサイクルは、切り離さなければいけないの?すすいで、折りたたみでは、いけないのですか?
245,未読,2026/5/22 22:34,,ぱんさん,"手紙や書類をリサイクルに出して、個人情報が漏れないか不安…。
対策した方がいいですか？"
244,未読,2026/5/22 22:33,,ニリンソウ,"①広告チラシと雑紙や箱などは一緒の袋で出しても良いのですか？

②前には新聞とチラシを一緒でも良いとなっていたと思うのですが、どうでしょうか？

私は別にしていますが。"
243,未読,2026/5/22 22:28,,ずきん,ダンボールを結ぶ紐は、紙の紐がいいですか？
242,未読,2026/5/22 22:11,,いも,段ボールじゃない厚紙はリサイクルされてる？(お菓子の箱など)
241,未読,2026/5/22 22:09,,ももりんご,食べ物のプラごみとシャンプーなどの食べ物以外のプラごみは一緒に出しても大丈夫？
240,未読,2026/5/22 22:03,,マロン,ダンボールと雑紙もリサイクルの方法は同じ？
239,未読,2026/5/22 22:03,,やあ,紙袋の持ち手の部分が紐だったり、リボンだったり、プラスチックだったり、ビニールだったりと様々ですが、そのままリサイクルに出しても良いのでしょうか？
238,未読,2026/5/22 22:02,,にぃな,ダンボールを閉じるために貼るテープはキレイに剥がさないといけない？
237,未読,2026/5/22 21:58,,かれんおば,牛乳パックはリサイクルできる？
236,未読,2026/5/22 21:55,,かなっち,ペットボトルは洗ってから捨てた方がいいの？
235,未読,2026/5/22 21:53,,し－ら,ペットボトルのキャップは、洗ってから捨てた方がいいですか?
234,未読,2026/5/22 21:50,,し－ら,封筒は何ゴミ?
233,未読,2026/5/22 21:38,,ニャオっち,nanacoカードをかざす際、プラスチックのカードではなく携帯に入れているnanaco（Apple Pay）をかざすと認識しない時が多い。かざす位置や携帯のどの部分をどこに当てるとよいのか教えてください。
232,未読,2026/5/22 21:32,,ニャオっち,風が強い日等にリサイクルコーナーを閉めている店舗があります。他店舗ではなく特定の1店舗のみ。沢山持って行き到着してからリサイクル出来ないのは本当に残念です。どの店舗も設定場所の条件は同じだと思うのですが、何故風が強い日等は閉めるのですか？
231,未読,2026/5/22 21:29,,ちぃぼー,色付きのペットボトルと透明なペットボトルは分別する必要はあるのでしょうか？
230,未読,2026/5/22 21:25,,O,どのくらいの汚れならプラスティックゴミに出しても大丈夫なのか、いつも判断に迷うので、教えてほしい。
229,未読,2026/5/22 21:22,,瑠璃と玻璃,プラゴミの仕分けで、ヨーグルト等のアルミのふたやそれ以外のアルミがプラ扱いなのは何故ですか。プラスチックとアルミホイルが私の中で一緒にならなくて、アルミ系は家庭ゴミに捨てる事もあります…が、やっぱりプラと書かれているのでプラゴミに入れたり…プラと書かれているのにわざわざ｢ふたはアルミです｣と書かれるとプラと家庭ゴミに分けた方がいいのかも…と思ったりもします(泣)ずっとどうしたらいいか判らなくて困っていました。とても良い機会を下さってありがとうございます。教えて下さい。
228,未読,2026/5/22 21:22,,ピーコ,"集められた段ボールや紙などは仕分けしてるのでしょうか？
してるならどうやってるのかな？"
227,未読,2026/5/22 21:18,,ふわり,紙類の資源ごみが再生利用商品に変わるまで､大体どれくらいの期間がかかるのでしょうか？
226,未読,2026/5/22 21:16,,マージー,"100㎏の段ボールは、大体何㎏の再生段ボールになるの？
"
225,未読,2026/5/22 21:09,,pon,"気を付けて分別しているつもりでも、混ざってしまうかもしれない禁忌品。リサイクル前に厳密にチェックされているんでしょうか？？
されているとしたらどんな方法？"
224,未読,2026/5/22 20:59,,マル,ペットボトルは何になるの？
223,未読,2026/5/22 20:52,,ポポ,"濡れた新聞紙やダンボールは乾かせば資源回収にだしても大丈夫ですか
土が着いたダンボールは拭き取ればだしても大丈夫ですか？
"
222,未読,2026/5/22 20:52,,エコ,"汚れている紙はリサイクルできないと聞いたことがありますが、お菓子のパッケージなどにうっすらチョコレートがついているものや、少し油がついてしまったものもダメですか？
また、我が家では、不要な紙を子どもの落書き用にして、遊んだあとは雑紙としてリサイクルに出していました。鉛筆やクレヨン、マーカーのインクなどついていても大丈夫ですか？"
221,未読,2026/5/22 20:50,,sk,"紙資源のさい、段ボールやボール紙、ラップ芯、しんぶんし、チラシ、みんな混ぜて一緒に縛ってもいいの？

また、大きさの違うものを縛るときに、うまく縛れず崩れてしまう。
上手に縛る方法教えて。"
220,未読,2026/5/22 20:47,,チャリッチ,"【発泡トレイについて】
カップ焼きそばの容器は、見た感じ、スーパーでの肉や魚が入っているトレイと素材も同じような気がしますが、これもサイクルできますか？"
219,未読,2026/5/22 20:46,,ゆう,新聞紙は何にリサイクルされるのでしょうか。チラシも一緒でよい、となっていますが、チラシもいろんな紙があるので、一緒にして大丈夫なのかと心配になってしまいます。
218,未読,2026/5/22 20:41,,タカノリ,ビールなどの6本パックに使われている紙は、リサイクル可と不可があるけど、なぜ不可な物があるのですか？
217,未読,2026/5/22 20:41,,じゅみ,お菓子の箱など薄いものがダンボールなのか雑紙なのか毎回悩む。見分け方ってあるのでしょうか？
216,未読,2026/5/22 20:40,,秋映,段ボール箱のラベルやテープはそのまま付けていてもリサイクル出来ますか？
215,未読,2026/5/22 20:39,,ターボ,シュレッダーされた紙はどうすれば良いの?
214,未読,2026/5/22 20:37,,mii,"リサイクルに出そうと束ねて倉庫に置いていた新聞紙が、豪雨で吹き込んだ雨に濡れてしまい必死に乾かしましたがかなりクシャクシャに。
クシャクシャ新聞紙もリサイクルに出して大丈夫ですか？"
213,未読,2026/5/22 20:32,,じゅんぺい,納豆のからは、プラごみ、可燃ごみどちらですか？
212,未読,2026/5/22 20:29,,海,バージンパルプと再生紙、コストの差はどの程度ですか？
211,未読,2026/5/22 20:18,,ぶうまん,15年前ぐらいに東京に住んでいた時に、ゴミの分別をしても全部燃やされてるんだから、分別なんてする必要ないんだよ。と知人に言われたことがありますが、実際は、どうなのでしょうか？
210,未読,2026/5/22 20:08,,ぷにみ,段ボールについたガムテープや宛名のラベルは剥がしたほうが良い？
209,未読,2026/5/22 20:08,,チュピ,プラスチックの注ぎ口がついた飲み物の紙パックはそのまま出しても良いのか
208,未読,2026/5/22 20:02,,なっとう,"包装紙などを雑紙に出す時、セロハンテープを取ったほうがよいのかとか、ホチキス等で綴じてあるものは、ホチキスを取ったほうがよいのか…など、よくわからないので、とりあえず取っています。
実際のところ、どうなんでしょうか？"
207,未読,2026/5/22 19:53,,楽しいバン,新聞と広告を一緒に束ねて出している人がいるのですが分けた方が良いのか分けなくても良いのか知りたいです。私は別々に出しているのですが分けなくても良いのなら助かります!
206,未読,2026/5/22 19:35,,ゆつこ,"再生紙という言葉がありますが、再再生紙というものは、ありますか？
"
205,未読,2026/5/22 19:33,,Tatori,ペットボトルの回収ボックスはありますがペットボトルキャップの回収ボックスはありません。分別して入れないといけないので隣にペットボトルキャップの回収ボックス等も用意して頂けると嬉しいです。
204,未読,2026/5/22 19:32,,ゆつこ,昔は、わらばんしがあったと思います。今は技術が進んでいるのでしょうが、エネルギーを節約するとしたら、わらばんしは、有用ですか？
203,未読,2026/5/22 19:31,,みる,マニキュアの瓶を捨てたいのですが、半分中身がドロっと残っている状態です。口は固まって開かない場合どのように処理すれば良いのでしょうか。
202,未読,2026/5/22 19:29,,ほのばあ,台所洗剤や洗濯洗剤や柔軟剤のボトルは「ペットボトル」？何に分類されるのでしょうか？
201,未読,2026/5/22 19:26,,ゆつこ,海外では、雑ガミを分類する時、付箋の糊のついている部分をちぎって、雑ガミと分類していたので、その方がよりリサイクルしやすいのですか？
200,未読,2026/5/22 19:25,,ごまちゃん,私はいつも剥がしてますが、ダンボールに付いているガムテープやビニールテープはそのままか、取り除いた方がいいんでしょうか？
199,未読,2026/5/22 19:25,,でっかいピーちゃん,ダンボールとお菓子の箱など（厚紙）は、一緒に束ねてOKなの？
198,未読,2026/5/22 19:23,,みちゃん,防水の紙のリサイクルはどうなってるの？例えばヨーグルトや牛乳パック等。
197,未読,2026/5/22 19:19,,ゆつこ,ダンボールを縛る紐は、紙の紐のほうがリサイクルしやすいですか？
196,未読,2026/5/22 19:15,,ゆつこ,雑ガミにレシートが混ざっていると全部の紙が真っ黒になると聞いたのですが、レシートが入っていないか確認作業をするのですか？
195,未読,2026/5/22 19:12,,Hana,紙箱、紙袋、パンフレット、冊子などは、雑紙にあたると思いますが、一緒に混ぜてヒモでしばってもいいですか？
194,未読,2026/5/22 19:10,,虎牙の剣,雑紙と新聞、雑誌にリサイクルする手間や差はあるの？
193,未読,2026/5/22 19:04,,みーと,段ボールについているガムテープって剥がしてからリサイクルに出した方が良いの？
192,未読,2026/5/22 18:53,,やすヤス,新聞紙をリサイクルステーションに出すとき束ねる紐はビニール紐でも大丈夫?
191,未読,2026/5/22 18:38,,タコス,"ダンボールとチラシは何で分けないといけないの？
ダンボールにチラシを入れてリサイクルに出すのは良くないの？"
190,未読,2026/5/22 18:26,,himmel,リサイクルに向かないもの(油汚れの酷いカップ麺の容器など)がリサイクルゴミに混入していた時はどうなりますか？手動で仕分けしているの？
189,未読,2026/5/22 18:17,,一美,綿商品はリサイクルは厳しいのでしょうか。
188,未読,2026/5/22 18:12,,さとちゃん,リサイクル出来ない古着を教えて欲しい
187,未読,2026/5/22 18:10,,でこすけ,"本や雑誌を紐で束ねて持参していますが、いつもピシッと結べません
持っていく頃には緩んできてしまいます
うまくきっちり結ぶ方法はありますか？"
186,未読,2026/5/22 18:08,,みい,"なぜピザの箱はリサイクルできないのでしょうか？
また、ビニール？窓付き封筒は、ビニール部分を取れば、リサイクルにまわしてもいいのでしょうか？"
185,未読,2026/5/22 18:05,,大ちゃん,洋服等を購入した時に洋服のネック等に付いている、洋服の詳細記入やロゴマークやその他諸々カ-ドが紐綴りのカ-ドは「雑ガミ」として処理して大丈夫ですか？
184,未読,2026/5/22 17:52,,ゆみんめ,リサイクルで出した物の中に、ダメな物も混ざってることがあるかもしれませんが、それを分別する業務の大変さを教えてください
183,未読,2026/5/22 17:51,,ごま,複合素材の製品はどこまで分解？分別??すればいいの???
182,未読,2026/5/22 17:31,,くぅママ,油のペットボトル容器も洗って綺麗にすればペットボトル回収機に入れてもいいのですか？
181,未読,2026/5/22 17:29,,くーさん,使用済みのノートはリサイクルに出して大丈夫ですか？
180,未読,2026/5/22 17:23,,rose,ペットボトルは潰して捨てた方が良いの？
179,未読,2026/5/22 17:17,,ちびっ子,"ペットボトルってつぶして捨てないほうがいいの？
"
178,未読,2026/5/22 17:12,,いもこ,同じ紙でできているのに段ボールとその他の紙や雑誌を分けて出さないといけないのはなぜ？
177,未読,2026/5/22 17:09,,まーくん,シャンプーのボトルはプラの表示があるので水で濯いでプラゴミで出してますが、ポンプを分解すると中に金属製のバネが入っています。問題ないですか。
176,未読,2026/5/22 17:00,,いくぴ,大きなペットボトルに付いている取っ手がどうしても外れない時はそのままリサイクルステーションに入れてしまってもいいのでしょうか？
175,未読,2026/5/22 16:47,,かふぇ嫁,牛乳などの紙パックに付いているプラスチックの注ぎ口　同じ市内にあるのにスーパーによって、外して・そのまま　とルールが違うので疑問に思う
174,未読,2026/5/22 16:44,,ぼっち,再生紙は利用したあと再び再生できますか？
173,未読,2026/5/22 16:29,,じゅんちゃん,"新聞をまとめる時ビニール紐だと
だめですか？"
172,未読,2026/5/22 16:28,,きなこ,色の付いたペットボトルはリサイクルできるの？
171,未読,2026/5/22 16:21,,ひ〜,紙袋の持ち手がビニールの場合、切ってからリサイクルに出さないとだめですか？♻️
170,未読,2026/5/22 16:12,,チャーミー,段ボールをビニールの紐でくくってますが、紐は混ざらないように捨ててるのでしょうか？あと、ビニールの紐でくくらない方が良いでしょうか?
169,未読,2026/5/22 16:06,,チャーミー,牛乳パックも内側がコーティングされてると思います。焼酎の紙パックの内側は、光りものでコーティングされてますが、雑紙に入れて大丈夫ですか？
168,未読,2026/5/22 16:03,,まあち,"新聞と段ボールは分けて出したほうがよいですか。
リサイクルに使う用途が違うのか知りたいです。"
167,未読,2026/5/22 16:03,,チャーミー,"段ボールをリサイクルするにあたって、金属で留めてあるホチキスを取らなかったら、大丈夫ですか？
あと、ガムテープ、ビニールテープなど、必ず外さないとだめですか？"
166,未読,2026/5/22 16:02,,まりも,リサイクルステーションに出すのと市で回収している資源ごみに出すのとでは何が違うの？
165,未読,2026/5/22 15:59,,ピヨちゃん,カミガャ券は、有効期限がありますか？
164,未読,2026/5/22 15:56,,たま,ダンボール箱に新聞を貯めていますが、そのままリサイクルボックスに入れて良いのでしょうか？
163,未読,2026/5/22 15:56,,カリメロ,段ボールぬれてたら乾いてから出すの？ぬれたまま でも大丈夫ですか？
162,未読,2026/5/22 15:52,,モンステラ,ペットボトルリサイクルするのにきれいに洗って出していますが、水道水を使った場合、けっこう水を使います、ただ燃えるゴミとして出したのとどちらがエコなのかな。
161,未読,2026/5/22 15:49,,ちいかわ,カミガチャ券は、その日に受け取らなくちゃ消えちゃうのしらなかったー🫢
160,未読,2026/5/22 15:45,,オーサァム,シュレッダーの紙片は、何の分類で出すのですか？また、出す時ビニール袋に入れてもOKですか？
159,未読,2026/5/22 15:38,,ひろさん,段ボールに、落書きや今流行りのぷくぷくシールなどが貼ってあってもぐるっとポンのリサイクルに出して大丈夫ですか？
158,未読,2026/5/22 15:30,,you,段ボールでも薄い紙質の段ボールは、どっちかな？
157,未読,2026/5/22 15:29,,さぶまま,フィルムが一体化している郵便物の封筒や段ボールなどはリサイクル出来る？そのまま資源ごみに出しても良いの？
156,未読,2026/5/22 15:19,,アキ,値札のシールやセロハンテープが貼ってあるプラの袋はリサイクルに出していいのかどうか。
155,未読,2026/5/22 15:19,,たかちゃん燦々,回収後直接機械などに入れるのか、人の手で分別して不適切な紙等を除く作業があるのか知りたいです
154,未読,2026/5/22 15:06,,ほし,無料で引き取ってくれて、ポイントまでもらえてうれしい反面、人件費やトラック輸送も含んでるのに持続可能なのでしょうか
153,未読,2026/5/22 15:00,,hiro,"いつも1キロ位溜まったら、
リサイクルを利用しています。
5キロなら抽選できますが、
なかなか溜まらないので（笑）
そこで質問ですが、
リサイクルはみんなはどの位の量で、
利用していますか？
やはり5キロとか、ある程度まとめて
利用しているのでしょうか？"
152,未読,2026/5/22 14:58,,はる,紙を束ねているホチキスの針は取り除いてからリサイクルにだした方がよいですか
151,未読,2026/5/22 14:48,,ここ,ペットボトルはラベルをはがしてから、そのままなのかつぶしてからなのかどっちの状態で出すのか？
150,未読,2026/5/22 14:47,,ひろこ,"段ボールに付いているテープや大きなホチキスのハリは取らないといけないのかなー?
果物の箱はホチキスが付いていて、取るのが大変です"
149,未読,2026/5/22 14:39,,しん,紙は何回でも再生されるの？
148,未読,2026/5/22 14:32,,Kyu,"リサイクル資源ってどれくらい実際にリサイクルされているのかな。
分別した方が実はエネルギー使ってエコじゃない、ってお話きいたら、リサイクルも難しく考えちゃったり。"
147,未読,2026/5/22 14:29,,もりぞう,"牛乳パックの出し方が分かりません。雑紙でよいでしょうか。
ラップの芯とトイレットペーパーの芯は雑紙でしょうか。"
146,未読,2026/5/22 14:24,,まろん,ペットボトルはリサイクルされて何に再利用されてるのでしょうか
145,未読,2026/5/22 14:19,,やーのーんー,ダンボールをよくリサイクルに出しますがどのような過程でリサイクルされているのかがギモンです。
144,未読,2026/5/22 14:16,,にっくねえむ,玄米の袋は、なぜ紙類で回収してもらえないのか知りたい。
143,未読,2026/5/22 14:12,,はたけ,ペットボトルで乳酸飲料系の小さいペットボトルが同じグルっとポン系列でも、リサイクル機によっては、可、不可があるのはなぜでしょうか？
142,未読,2026/5/22 14:11,,ぺろ,ラップの硬い芯は雑紙？
141,未読,2026/5/22 14:07,,ニコ2,小雨降る日にリサイクルステーションに古紙を持ち込んでも不都合ないのでしょうか。古紙が濡れないように晴れている時に持ち込むようにしていますが，梅雨の季節には，晴れている日で持ち込める機会をみつけるのが難しいことがあります。
140,未読,2026/5/22 14:00,,あややん,雑紙でアイスのカップは出してよいのかわからない
139,未読,2026/5/22 13:55,,みーみみ,リサイクルに出す雑紙は、雨などで濡れても大丈夫なんですか？晴れの日に出した方が、再利用するときのコストが掛からないなどありますか？
138,未読,2026/5/22 13:53,,えいちゃん,新聞紙にチラシを入れたまま出してもいいのかな？
137,未読,2026/5/22 13:51,,はなはな,"割り箸の箸袋やガムの包み紙等
薄いものや小さい紙もリサイクになるのでしょうか?"
136,未読,2026/5/22 13:50,,りまま,土はリサイクルですか？
135,未読,2026/5/22 13:49,,おっさく,なぜペットボトル本体とラベルとキャップを分別しなければいけないの？
134,未読,2026/5/22 13:43,,Q太郎,"①透明に近い薄い色付のペットボトルはなぜリサイクルできないのか？
②雑紙は、汚れてても出して構わないのか？
➂自分宛に来た、ハガキ、封筒できた郵便物など、リサイクル可能表示されてますが、個人情報丸出しで、出したらまずいの？
➃個人情報が表示されてある、リサイクル可能雑紙をシュレッダにかけて、裁断した雑紙は、ビニール袋に入れて出して構わないのか？
➄みかん箱などの底に打ち込まれている。デカい丈夫な、ホチキス（オレンジの金具）は、取るのがとてもたいへんです、ついたまま出してもいいの？"
133,未読,2026/5/22 13:39,,もくもく,"プチプチはリサイクル出来ますか？
分別するならP Pですか？"
132,未読,2026/5/22 13:39,,タカさん,ペットボトルを回収する時に、なぜラベルと蓋を外すの？
131,未読,2026/5/22 13:34,,みぃ,"ペットボトルキャップって何になるの？
捨てずに積極的にリサイクルした方が良いの？"
130,未読,2026/5/22 13:28,,ポン,儲かるんですか？
129,未読,2026/5/22 13:23,,さと,ポテチなどのプラスチックの袋は洗って出した方がよいのか？
128,未読,2026/5/22 13:20,,ブーちゃんパパ,"牛乳パックの扱いについて
雑紙と一緒に出せば良いのか、それとも牛乳パック専用ボックスに出せば良いのか悩みます。専用ボックスではポイントになりません
牛乳パックは、雑紙より上質紙で作成されていますので、必ずリサイクルするようにしています。ただ現在、専用ボックスが撤去されていますので、雑紙と一緒に出しています。"
127,未読,2026/5/22 13:17,,うーぴゃん,ゴミの被った段ボール、拭いてからリサイクルに出した方がいいですか？
126,未読,2026/5/22 13:05,,ぴ,紙パックのジュースの容器はリサイクルできますか？牛乳パックと同じ分類でいいですか？付いているキャップの部分は切り取るのですか？
125,未読,2026/5/22 13:04,,ぽんぽこりん太,"紙やダンボールをまとめる紐は紙の方がいいの？
ビニール紐でも大丈夫？"
124,未読,2026/5/22 12:59,,Yuki,牛乳パックは防水加工されているのに　リサイクル可能なのは何故？
123,未読,2026/5/22 12:57,,さくら,ダンボールに貼ってある宅配のシール等は全部剥がしたほうがいいの？
122,未読,2026/5/22 12:51,,tabokunn,"使用済みリチウムイオン電池の処分はどうしたら良いんですか？
"
121,未読,2026/5/22 12:51,,クボ,野菜を新聞紙にくるんで野菜室に保管して、使いきった後の新聞紙は雑紙として出せますか？
120,未読,2026/5/22 12:50,,でこ,ティッシュボックスの空き箱を出す時、取り出し部に付いてるビニールは剥がさないとだめですか？
119,未読,2026/5/22 12:49,,ニクマル,ペットボトルのふたは回収しないのですか？
118,未読,2026/5/22 12:46,,スーちゃん,レシートは　どうして紙のリサイクルに出せないの？
117,未読,2026/5/22 12:44,,ジージョ姫,紙類を束ねる紐はビニールでもかまいませんか？ずうっと気になっていました
116,未読,2026/5/22 12:38,,レモン,キャップ付きの牛乳パックは、プラスチックの注ぎ口がついていますが、そのままリサイクルに回しても大丈夫でしょうか？
115,未読,2026/5/22 12:35,,菜の花,リサイクルはどんなふうに、役に立つの？
114,未読,2026/5/22 12:35,,Rui,"ハードケースの四角い液体の入った保冷剤はどうやって処分するの？
"
113,未読,2026/5/22 12:26,,板前つっち,牛乳パックの開き方について。よく、牛乳パックのパッケージにリサイクルを推進するための展開図がかいてあるのを目にします。開くときは、あの展開図と全く同じでなくてもOKなのでしょうか。
112,未読,2026/5/22 12:20,,ともはる,一度濡れた段ボールはリサイクル出来る？
111,未読,2026/5/22 11:51,,ココさん,段ボールや雑紙、空き缶のリサイクル回収は良く聞きますが空き瓶の回収がほとんどされていないのは何故ですか？
110,未読,2026/5/22 11:48,,pug,ノート等に使用されていたりするホチキスの針はどのように取り除いているの？
109,未読,2026/5/22 11:43,,ラッキーぱんだ,ペットボトルをリサイクルする時、極端に小さい物や大きな物がありますが、リサイクル機に入れてはダメなペットボトルサイズはありますか？
108,未読,2026/5/22 11:42,,のやま21,本の金属鍼は外さなくていい
107,未読,2026/5/22 11:36,,ﾄﾗｯｷｰ,空き缶の蓋は、何故リサイクル出来ない？
106,未読,2026/5/22 11:34,,クロちゃん,"玉子の空容器はリサイクル出来ないのですか？
"
105,未読,2026/5/22 11:23,,ヒロボー,ペットボトルのキャップを集めていますが、最終的には何処へ集まるのですか？
104,未読,2026/5/22 11:22,,つぶあんぱん,シュレッダーした紙は　リサイクルに出せる？
103,未読,2026/5/22 11:20,,くろかみ,"内側がアルミの紙パックは雑紙ですか
"
102,未読,2026/5/22 11:10,,NAK,モバイルバッテリーを捨てるときに気をつけることは？
101,未読,2026/5/22 11:10,,ミキ,"プラスチックマークの袋を折って結んでだしても問題ないですか？
"
100,未読,2026/5/22 11:07,,きょこ02,コピー用紙はチラシで出して良いのか？
99,未読,2026/5/22 11:05,,夜奥ベニ子,ビールを６本ずつまとめている紙はリサイクルできるの？
98,未読,2026/5/22 11:04,,みゆっち,牛乳パックやお酒のパックは何ゴミ。
97,未読,2026/5/22 10:59,,sigen,牛乳やヨーグルト等の紙パックの汚れを落とす為に洗う必要があるけれど、上水(水道水)を使って(水資源を汚して下水に流して)紙パックを資源化した場合と、紙バックを洗わずに燃やすごみとして廃棄した場合とでは、自然への負荷やコストはどうなるの？　各家庭で洗うよりも業者に任せて一括して洗って貰う(紙とそれ以外とを分離して貰う)様にした方が、コストが掛からないと言う事は無いの？
96,未読,2026/5/22 10:51,,黎,なぜ、卵パックはリサイクルしないの?
95,未読,2026/5/22 10:49,,ラテ,ペットボトルのリサイクル経路を知りたいです。
94,未読,2026/5/22 10:47,,スピッツ,"ピザを買った時、下にある段ボールはリサイクルできないの？
"
93,未読,2026/5/22 10:41,,non,"紙パックにプラスチックの注ぎ口が付いているものはどうやってリサイクルするの？
なかなか取れないのでリサイクルしていません。"
92,未読,2026/5/22 10:38,,.にゃん,注ぎ口がプラの牛乳パックがリサイクルに出せるのはなぜ？
91,未読,2026/5/22 10:35,,pon,"お酒の紙パックは、
雑紙と一緒ですか？
牛乳パックと一緒？ですか？"
90,未読,2026/5/22 10:31,,こお,雑誌やダンボールなどをしばって回収されたその後紙紐のゆくえを知りたいです。
89,未読,2026/5/22 10:29,,すもも,オイルが入っていたペットボトル等は、プラスチック資源ごみにして良いのでしょうか?
88,未読,2026/5/22 10:18,,かんなん,濡れた新聞紙はリサイクルできますか？
87,未読,2026/5/22 10:17,,ナナミント,"ポイントがわかりにくいです
出来ましたら紙もボトルも同時
付与なら助かります"
86,未読,2026/5/22 10:05,,さんぽ,紙ゴミは色分けするとリサイクルがもっと効率的になるのでしょうか。
85,未読,2026/5/22 9:59,,地球環境boy,"ガラス瓶にフタ(プラスチック)が固着したもの分別はどうすべきか？
コレとコレは分別すべきなのに、金属がついているものとか？悩みます。
"
84,未読,2026/5/22 9:56,,recycle,"雑紙は、
リサイクルしたら、
何になる？"
83,未読,2026/5/22 9:55,,まありい,包装紙についているセロテープなどをいつもキレイに剥がすか切り取るかして紙の部分だけをリサイクルにしています。それなのに、古紙をしばるためにビニールテープなどを使うのはかまわないのでしょうか。大丈夫だとしたら、何故なのでしょうか。
82,未読,2026/5/22 9:48,,さとこ,レシート等の感熱紙はリサイクルNGと聞いたけど、街でもらったりする感熱紙は他にどんなものがありますか？
81,未読,2026/5/22 9:45,,タマちゃん,雑紙に、小さなダンボールを混ぜても大丈夫？
80,未読,2026/5/22 9:42,,すーさん,"①封筒のフィルム部分は切り取って紙の部分だけ雑紙に入れていいのか？封筒自体入れない方がいいのか？

②ホッチキスでとめたまま出していいのか？"
79,未読,2026/5/22 9:42,,つづり,レシートなどのリサイクルできないものを間違えて入れてしまう人もまれにいると思うのですが、リサイクル処理をする前に混入を防ぐための対策などはあるのでしょうか？
78,未読,2026/5/22 9:40,,みみみ,つるつるしているシールの台紙は、雑ごみにできますか？
77,未読,2026/5/22 9:37,,はいじい,新聞紙と広告の紙は一緒に出していいのか
76,未読,2026/5/22 9:33,,かず,雑誌などに付いているホッチキスの針は必ず外さなければならないのか？
75,未読,2026/5/22 9:28,,まこちゃん,リサイクリングするためにかかるコストはどのくらいかかるのですか
74,未読,2026/5/22 9:20,,よう,レシートは雑紙に捨てられますか
73,未読,2026/5/22 9:20,,ベンツ,"新聞やダンボールをしばるひもは
ビニールではなくて紙のひものほうがいいですか？"
72,未読,2026/5/22 9:20,,まひあゆぱぱ,プラスチック包装の値札やバーコード等のシールは強力でなかなか取れないのでそのままプラスチックゴミで出していますが、どうやってあの強力なシールを取り除くのでしょうか？
71,未読,2026/5/22 9:17,,アッキー,果物のダンボールに、金属のデカイホチキスがついていることがあり、外してダンボール資源リサイクルしますが、その外したホチキスはどーしたらいいのかと、そのまま机の隅に溜まっていきます(u_u)
70,未読,2026/5/22 9:14,,チロ,シールを剥がした後の台紙はリサイクル出来ますか？
69,未読,2026/5/22 9:12,,パンケーキ,ペットボトルの回収について、キャップとラベルを外して軽く洗うのはわかりますが、「つぶさない」のはナゼ？
68,未読,2026/5/22 9:01,,ゆきたつ,レシートは、紙ごみ？
67,未読,2026/5/22 8:59,,フランスパン子,豆乳・ヨーグルトの紙容器(アルミなし)に紙リサイクルマークがある場合、牛乳パックと一緒にリサイクルに出していいですか？
66,未読,2026/5/22 8:56,,ぐるぽん,"匂いのきついビニール袋などはリサイクルできるの？

漬物の汁やキムチなどのビニール袋や 臭い匂いのついたポリ容器などのプラスチックは リサイクルに出しても大丈夫なのでしょうか？　 匂い移りしそうです。"
65,未読,2026/5/22 8:54,,ケチケチバア,リサイクルする方が、コストは抑えられますか。
64,未読,2026/5/22 8:54,,ちょこまる,どうしてアルミ缶やスチール缶のリサイクルは実施していないのですか?
63,未読,2026/5/22 8:53,,しの,"古紙回収の疑問
古紙として、よく新聞紙をリサイクルしていますが、チラシや食品なとが入ってる箱もリサイクル古紙で大丈夫なのでしょうか？
また、別件で飲むヨーグルトなどで小さいペットボトルありますがリサイクルとして回収にだして大丈夫でしょうか？"
62,未読,2026/5/22 8:49,,りこ,"壊れた段ボール、濡れた段ボールはリサイクル出来ますか

"
61,未読,2026/5/22 8:45,,ひーちゃん,お菓子、マスクなど、パーケージ箱に金色のインクや透明なフィルムが使われている物は水に溶けないと聞いた事があり、リサイクルできないと聞いた事があるのですが、紙リサイクルのマークがあれば、リサイクルに出しても大丈夫ですか？。また見分ける方法はありますか？。
60,未読,2026/5/22 8:45,,のぶまろ,ダンボールの開け口と底の部分を留めてあるテープは取って出したほうがいいですか
59,未読,2026/5/22 8:45,,ハナコ,ペットボトルの蓋のリング部分は外さなくても大丈夫？
58,未読,2026/5/22 8:42,,おっさん,パルプモールドはリサイクルボックスに入れてもよいでしょうか。パルプモールドとは古紙等を溶かして成形した梱包緩衝材で、発泡スチロールの環境に優しい代替品として使われています。
57,未読,2026/5/22 8:42,,みっちゃん,"ペットボトルを完全に乾かすのが難しいです
簡単に乾かす方法を知りたいです"
56,未読,2026/5/22 8:41,,こんちゃん,ケーキの箱など、特殊加工になっているかがよく分からず、雑ごみになるかいつも悩んでいます
55,未読,2026/5/22 8:39,,ナナシ,"ダンボールをリサイクルに出す時
最適なサイズと厚さはどれくらい？"
54,未読,2026/5/22 8:38,,シロネコ,靴の箱の中に入っている半透明の紙は、雑紙としてリサイクルできないのですか？
53,未読,2026/5/22 8:35,,リサイクル,"家でシュレッダーにかけた紙は、リサイクルステーションに出せるのでしょうか？
普段は、レシートや宅配物に添付されている宛先票など、リサイクル出来ないものも含まれているので、可燃物として捨てています。"
52,未読,2026/5/22 8:34,,ちい,リサイクルごみに出されてもリサイクルできないゴミは、ある？
51,未読,2026/5/22 8:33,,ぐるぽん,"瓶詰めの蓋はリサイクルで捨てていいの？
ジャムなどのガラス瓶の蓋は分別ごみのリサイクルに捨てていいのでしょうか？"
50,未読,2026/5/22 8:32,,みー,古紙をリサイクルに持っていく場合、なぜ紙袋ではだめなのでしょうか？
49,未読,2026/5/22 8:31,,みー,子どもの教科書をリサイクルに持っていきたいのですが、中に色々メモがしてあり躊躇してしまいます。中身を見る事は無いとゆう事で大丈夫でしょうか？
48,未読,2026/5/22 8:31,,零子,ペットボトルのキャップが沢山溜まります。先日ニュースでキャップも資源になると知りました。いつか回収する予定はありますか？
47,未読,2026/5/22 8:27,,みー,古紙回収の際、なぜ紙袋ではだめなのでしょうか？
46,未読,2026/5/22 8:27,,yukorin,牛乳パックにプラスチックの注ぎ口が付いてるものは畳んだ時に切り取るのかそのままでリサイクルに出していいのかわからない。
45,未読,2026/5/22 8:23,,なつ,ダンボールに貼ってあるガムテープは、剥がしたほうがいいの？
44,未読,2026/5/22 8:21,,ちいかわ,レシートやカタリナクーポン券はリサイクルできますか？(̨̡ᐢ ⸝⸝o̴̶̷̤  ̫̭ o̴̶̷̤⸝⸝ ᐢ)̧̢
43,未読,2026/5/22 8:18,,yunnbe,オリーブオイルやサラダ油の入ったペットボトルは何ゴミで出せば良いのですか？燃やせないゴミか洗ってプラスチックゴミ？でも洗ったら油の成分が流れてしまいますよね⁈毎回悩んで、今は燃やせないゴミで出しています。
42,未読,2026/5/22 8:17,,やすまーち,雑誌と段ボールは捨てる場所が記入してあるのですが、リサイクル紙はいつもどこに入れればいいのか迷います
41,未読,2026/5/22 8:14,,とさま,"リチウムバッテリーを廃棄する際の質問です。廃棄の仕方があまりよくわからない。
リチウムバッテリーや、乾電池の処分も含めて今一度教えてほしいです。

また、保管の仕方もよろしくお願いします。"
40,未読,2026/5/22 8:06,,みぽぽこ,"ツナ缶やフルーツ缶は店に設置してあるリサイクル缶回収場に入れていいですか？

"
39,未読,2026/5/22 8:05,,シン,トイレットペーパーの芯は、切って開いた方がよいのか、または潰す方がよいのか、それともそのままでよいのか
38,未読,2026/5/22 8:04,,ken,焼酎の内側がアルミが貼ってあるものは雑紙?
37,未読,2026/5/22 8:03,,謎だぞ,古新聞を縛ったり、雑紙を紙袋に入れて、飛び出さないように縛るのを、ビニールテープで縛っていますが、これでいいのかなといつも思っています
36,未読,2026/5/22 8:01,,かげ,食品トレーはリサイクル後は何になるの？
35,未読,2026/5/22 7:56,,nana,一度リサイクルされた古紙が再びリサイクルできなくなる限界は？
34,未読,2026/5/22 7:55,,ババァ,"①野菜や果物ジュースの紙パック。
　洗っても色が染み付いてます。
　大丈夫ですか？

②プラスチックの注ぎ口が付いている
　紙パック。蓋は資源ごみで出しますが
　残ったプラスチックの部分は　
　リサイクルする際問題ないのですか？

宜しくお願いします。"
33,未読,2026/5/22 7:53,,yun,"プチプチはプラ扱いになりますか？
自治体では分別欄にないので
"
32,未読,2026/5/22 7:53,,YK,再生されたプラスチックは何に使われる？再生化率はどれくらい？
31,未読,2026/5/22 7:52,,るるた,新聞などをまとめるとき、ヒモはビニール製のものを使って横の上に結び目が来るようにまとめているのですが、素材やまとめ方は何でも良いのでしょうか？実は麻のヒモの方が良いとか、結び目は真ん中が良いとかあるのかは気になっています。
30,未読,2026/5/22 7:52,,あずき,雑紙は小さくても大丈夫か。菓子折りなど組立の箱は広げて出した方がいいのでしょうか？
29,未読,2026/5/22 7:51,,りん,ダンボールをリサイクルに出す際にスズランテープなどでしばって出しますが、そういうテープや紐の処理はどうしているのでしょうか？
28,未読,2026/5/22 7:51,,ナナコ,歯ブラシなどが入っている透明のプラに下の台紙の紙がくっついて綺麗に剥がれないプラは何ゴミになりますか？
27,未読,2026/5/22 7:50,,マリリーン,ペットボトルをリサイクルする時、何回入れても戻ってくるボトルがありますが、なぜ?特に、こちゃ、こちゃに、たためる、伊藤園のお茶シリーズに多いです。
26,未読,2026/5/22 7:50,,ちゃん吉,防水加工されたものは、どうしてリサイクルできないの？
24,未読,2026/5/22 7:48,,バレトンばる,紙のリサイクルにビニール紐で縛って出してOKなのはなんで？
23,未読,2026/5/22 7:46,,たろ,小学生のとき、学校が中心になってプルタブを回収していました。車椅子になると聞いていました。でも、大人になってあまり聞いたことがありません。ペットボトルキャップも同様で、ワクチンになるそうです。プルタブやペットボトルキャップは、どこへ回収されてどのような過程で生まれ変わるのか知りたいです。今でも行われているのでしょうか。
22,未読,2026/5/22 7:44,,エヴァ,"雑紙や段ボール、縛っているのはビニール紐…大丈夫なの？
雑紙はなるべく紙袋にまとめるようにしてるけど、段ボールはやっぱりビニール紐で縛っちゃう。邪魔にならないか気になります。"
21,未読,2026/5/22 7:44,,MU,醤油等調味料容器で､またワインで瓶かと思えばペットボトルの容器の様な物がありますが､リサイクル可能ですか｡
20,未読,2026/5/22 7:44,,姉さん,"食品のトレーなどもリサイクルできますか?
原材料高騰・資源不足の昨今、リサイクルで再利用できれば良いのに…と思います。"
19,未読,2026/5/22 7:41,,わからんこ,ペットボトルの蓋の回収がなくなってきているのはなぜですか？
18,未読,2026/5/22 7:40,,あやち,再生紙になる紙とならない紙の分別の仕方と、紙のリサイクルマークがついているものは全て再生紙にしていいのか疑問です。
17,未読,2026/5/22 7:40,,よみがえる,ぐるっとポンを利用してリサイクル量が多い都道府県、市町村はどこ？
16,未読,2026/5/22 7:39,,いっち,個人情報(宛先等)は何か処理してからリサイクルしたほうがいいのでしょうか?
15,未読,2026/5/22 7:36,,とてぽ,紙、と表示されているもので、ビニールでつるつる加工されているものや、封筒で小窓だけ透明のフィルムになっているものは、紙ごみとして出していいのですか？
14,未対応,2026/5/22 7:35,,突スィー,ダンボールに貼られているビニールテープや紙のガムテープは、剥がしてから出さないといけないのでしょうか？
13,未読,2026/5/22 7:33,,ノリスケ,足利市大月町のヨークベニマルの集積所はなぜ撤去されてしまったのでしょうか？市民が多く利用していたので残念です。これからどこに持って行けばよいのでしょうか？
12,未読,2026/5/22 7:31,,ひろひろ,"古い衣類やタオルはどのように リサイクルされるのでしょうか
汚れていて 本当に大丈夫なのかと心配なります"
11,未読,2026/5/22 7:29,,ミケ,牛乳パックは何にリサイクルされるのでしょうか？
10,未読,2026/5/22 7:26,,つむ,"まな板は木製物もあるけど
最近のは、樹脂製のものがほとんどだけど、プラスチックゴミで区別していいの？"
9,未読,2026/5/22 7:23,,Rei,シュレッダーにかけた紙はリサイクルに出しても大丈夫ですか？
8,未読,2026/5/22 7:17,,うさぎ,リサイクルする人にポイントなどを還元していますが、採算が合うのか？
7,未読,2026/5/22 7:15,,koba,厚紙が段ボール扱いになるさかいめで迷うときがあり、わかる表示はなんですか？
6,未読,2026/5/22 7:14,,なおこ,なぜ牛乳パックは他の紙ゴミと分けて回収するの？
5,未読,2026/5/22 7:11,,まじゃほ,納豆のプラスチックパックは、なぜリサイクルごみとして回収されないの？
4,未読,2026/5/22 7:11,,やんま,最近話題のナフサですがリサイクルで貢献できる素材はありますか
3,未読,2026/5/22 7:10,,たみま,シールが沢山貼ってある紙も、同じようにリサイクルできますか？
2,未読,2026/5/22 7:09,,mii,牛乳パックを開かないで出されているのを見かけたけど、その開いて無い牛乳パックはどう処分されるの？
